naslov,cena_eur,lokacija,kvadratura,broj_soba
"Lux trosoban stan 75m2, odlicna lokacija",325.000,"Beograd, Opština Palilula, Hadžipopovac",75 m2,3.5
Duplex 118 m² kod Đeram pijace,349.000,"Beograd, Opština Zvezdara, Đeram pijaca, Pećska",118 m2,5.0
"BLOK 61 u parku kod vrtića, miran, odličan 2,5",230.000,"Beograd, Opština Novi Beograd, Blok 61, Dr Ivana Ribara",66 m2,2.5
Renoviran i funkcionalan stan u bloku 63,300.000,"Beograd, Opština Novi Beograd, Blok 63, Gandijeva",73 m2,3.0
Jajinci Zelena Oaza premijum stan 4.0,205.000,"Beograd, Opština Voždovac, Jajinci, Ilije Petrovića",97 m2,4.0
"Stan sa dve spavaće sobe, uknjižen u novogradnji",107.000,"Beograd, Opština Grocka, Kaluđerica",50 m2,2.5
"Trosoban stan u West kuli, Novi Beograd, 95m2",530.000,"Beograd, Opština Novi Beograd, Blok 65, Omladinskih brigada",95 m2,3.0
"Prodaja trosobnog stana u Soul 64, parking mesto",389.250,"Beograd, Opština Novi Beograd, Blok 64, Omladinskih brigada",75 m2,3.0
"Odlican 1.5, odmah useljiv, stan u novogradnji!",87.650,"Beograd, Opština Palilula, Kotež, Veletinska","37,38 m2",1.5
"Sunnyville – Nov, prelep porodični stan 67m²",217.000,"Beograd, Opština Palilula, Višnjička Banja, Mirka Milojkovića",67 m2,3.0
"Zemun, novogradnja - 2.0 stan, 43m2",121.000,"Beograd, Opština Zemun, Ugrinovačka, Ugrinovačka",43 m2,2.0
"Lux renoviran, uknjižen, svetao, odmah useljiv",94.900,"Beograd, Opština Palilula, Centar, Ruzveltova",25 m2,0.5
"Mirijevo, lux novogradnja, extra lokacija",96.870,"Beograd, Opština Zvezdara, Mirijevo, Šejkina","32,29 m2",2.0
"4.0 stan na Novom Beogradu u Bloku 19A, 98m2",329.000,"Beograd, Opština Novi Beograd, Blok 19a, Vladimira Popovića",98 m2,4.0
"Moderan 4.5 dupleks kod Đeram pijace, Pećska 118m2",349.000,"Beograd, Opština Zvezdara, Đeram pijaca, Pećska",118 m2,4.5
"3.0 Filmski grad, uknjižen",210.000,"Beograd, Opština Čukarica, Filmski grad, Slobodana Perovića",80 m2,3.0
Odlican stan kod Gospodara Vucica-bez provizije,130.200,"Beograd, Opština Zvezdara, Denkova bašta",42 m2,2.0
Odlican stan kod Gospodara Vucica-bez provizije,162.000,"Beograd, Opština Zvezdara, Denkova bašta",54 m2,3.0
3.0 nov Lux namesten stan na Altini 58.8m2,112.000,"Beograd, Opština Zemun, Altina, Simona Bolivara","58,80 m2",3.0
Prodaje se funkcionalan stan u bloku 72,219.000,"Beograd, Opština Novi Beograd, Blok 72, Dr Ivana Ribara",73 m2,2.5
Vračar - Mileševska ID#4898,219.900,"Beograd, Opština Vračar, Centar, Mileševska",40 m2,1.5
NOV trosoban stan 63 m2 u blizini Zemunskih kapija,194.870,"Beograd, Opština Zemun, Gornji grad",63 m2,3.0
Vračar Hram Svetog Save sa garažom preporuka,339.000,"Beograd, Opština Vračar, Hram svetog Save, Svetog Save",72 m2,3.0
Vracar Hram nov lux retko u ponudi,439.000,"Beograd, Opština Vračar, Kalenić pijaca, Novopazarska",78 m2,3.0
Odlican stan sa lepim pogledom!,177.000,"Beograd, Opština Zvezdara, Lion, Bulevar kralja Aleksandra",50 m2,2.5
Stanovi na Kredit od 41 do 69 m2,132.800,"Beograd, Opština Novi Beograd, Ledine, MIODRAGA PETROVIĆA ČKALJE 2a","41,50 m2",2.0
"Nov, uknjižen, Medak padina",140.000,"Beograd, Opština Zvezdara, Zvezdara 3, Dušana Dude Timotijevića",65 m2,3.0
Retenzija – Uknjižen – Odmah useljiv,225.000,"Beograd, Opština Zemun, Retenzija, Prve pruge",57 m2,2.0
"Dvostrano orijentisan- 3.0, odlična lokacija ID#16",305.500,"Beograd, Opština Zvezdara, Crveni krst, Kajmakčalanska",65 m2,3.0
"Dedinje, 4.0 stan ,mereno 103 m2 ID#16030",470.000,"Beograd, Opština Savski venac, Dedinje, Koste Racina",89 m2,4.0
Savršen trosoban stan,220.000,"Beograd, Opština Voždovac, Banjica, Bulevar oslobođenja",77 m2,3.0
Savršen jednosoban stan,94.000,"Beograd, Opština Rakovica, Petlovo brdo, Gočka",38 m2,1.0
"2.0 Nov stan, Parking mesto gratis, Miljakovac 3",104.000,"Beograd, Opština Rakovica, Miljakovac, Marka Stojkovića",40 m2,2.0
"BW, Metropoliten, pogled na reku, trosoban, luks",435.000,"Beograd, Opština Savski venac, Beograd na vodi, Bulevar Vudroa Vilsona",82 m2,3.0
"Uknjižen, 1.5 stan, namešten",122.400,"Beograd, Opština Rakovica, Vidikovačka padina, Prvoboraca",42 m2,1.5
"Dupleks, renoviran, 75 kvm",160.000,"Beograd, Opština Rakovica, Novo Skojevsko naselje, Luke Vojvodića",60 m2,3.0
Vojislava Ilića - 118m2 - Lipov lad,369.000,"Beograd, Opština Zvezdara, Lipov lad, Vojislava Ilića",118 m2,5.0
"Nov 1.5 stan u ulici Cara Dušana, Zemun 36m2",139.680,"Beograd, Opština Zemun, Gornji grad, Cara Dušana",36 m2,1.5
"Borca,37kv+terasa",98.000,"Beograd, Opština Palilula, Borča, Niška",37 m2,1.0
"Leštane 42m2, 2.0",76.000,"Beograd, Opština Grocka, Leštane, Smederevski put",42 m2,2.0
"Bulevar oslobođenja, Voždovac 76m2 top ponuda",295.000,"Beograd, Opština Voždovac, Bulevar oslobođenja, Bulevar oslobođenja",76 m2,2.0
"Ekskluzivna ponuda, WEST 65 kula, 124m2, lux 4.0",650.000,"Beograd, Opština Novi Beograd, Blok 65, Tadije Sondermajera",124 m2,4.0
Uknjižen odličan stan na sjajnoj lokaciji,299.900,"Beograd, Opština Vračar, Čubura, Šumatovačka",73 m2,3.0
Zemun Square residence,175.000,"Beograd, Opština Zemun, Ugrinovačka, Baranjska",50 m2,2.0
Hitna prodaja! Belmondo Ispod cene. Useljivo,449.350,"Beograd, Opština Novi Beograd, Blok 65, ","116,15 m2",3.0
Nov.Ultra Lux. Namešten. Garaža. Trostran. Savršen,600.000,"Beograd, Opština Savski venac, Stadion Crvene zvezde, ",117 m2,4.0
Nov. Trostran. Između Pinka i Us ambasade!,560.000,"Beograd, Opština Savski venac, Dedinje, ",160 m2,4.0
Novi Beograd-Ledine-Novogradnja-2.0-Parking mesto,99.000,"Beograd, Opština Novi Beograd, Ledine",43 m2,2.0
Novi Beograd-Ledine-66m2-Novogradnja-Parking ID#33,165.000,"Beograd, Opština Novi Beograd, Ledine",66 m2,2.5
Fantastična ponuda. Vrtovi Ceraka. Hitno,266.000,"Beograd, Opština Rakovica, Vidikovac, ",89 m2,4.0
"4.0 lux, svetao, kompletno renoviran stan",350.000,"Beograd, Opština Zvezdara, Gradska bolnica, Preševska",100 m2,4.0
LUKSUZAN stan 196 m² u jednom nivou-Neimarski park,882.000,"Beograd, Opština Vračar, Hram svetog Save, Mihaila Gavrilovića",196 m2,5.0
Retko u ponudi komforan stan - Barajevo,79.000,"Beograd, Opština Barajevo, Barajevo (mesto), Carice Milice",66 m2,2.5
Surčin-Vojvodjanska-Novogradnja ID#3274,166.800,"Beograd, Opština Surčin, Surčin (mesto), Vojvođanska",79 m2,3.0
BW-Beograd na vodi-Trosoban-Garažno mesto ID#3285,399.000,"Beograd, Opština Savski venac, Beograd na vodi, Luke Ćelovića Trebinjca",87 m2,3.0
Novogradnja u Prvomajskoj useljenje 2027. godine,178.750,"Beograd, Opština Zemun, Prvomajska, Prvomajska",65 m2,2.5
"Airport Garden, Novogradnja,Lux,2.0,Plaćen pdv",238.000,"Beograd, Opština Novi Beograd, Blok 65","55,36 m2",2.0
Luksuzno renoviran 4.0 uknjižen stan na Dorćolu,289.000,"Beograd, Opština Stari grad, Dorćol, Visokog Stevana",93 m2,4.0
"Useljiv, legalizacija, opis u tekstu oglasa",71.000,"Beograd, Opština Novi Beograd, Ledine, Danice Kojić",49 m2,2.5
"TOP ponuda, LUX, 68m2, 3.0, salonac, Kneza Danila",289.000,"Beograd, Opština Palilula, Poštanska štedionica, Kneza Danila",68 m2,3.0
Troiposobni stan - Poslovni apartman u kompleksu V,263.648,"Beograd, Opština Voždovac, Vojvode Stepe, Vojvode Stepe","99,49 m2",3.5
Stan sa sopstvenim dvorištem - uz Savu,269.000,"Beograd, Opština Novi Beograd, Blok 45 (TC Enjub), Nehruova",73 m2,2.5
Ekskluzivan stan kod Hrama sa 2 garazna mesta,902.000,"Beograd, Opština Vračar, Hram svetog Save",167 m2,4.0
Biser Mirijeva,160.000,"Beograd, Opština Zvezdara, Mirijevo, Nevenke Urbanove","49,73 m2",2.0
"Pogled na Dunav, uknjižen, jednosoban",159.000,"Beograd, Opština Stari grad, Dunavski kej, Tadeuša Košćuška",28 m2,1.0
"Izuzetna novogradnja, 1.0, Mirijevo 3",74.800,"Beograd, Opština Zvezdara, Mirijevo","31,18 m2",1.0
"Oaza Mirijevo, Dva bela goluba, Lux stan",133.000,"Beograd, Opština Zvezdara, Mirijevo, Dva bela goluba",44 m2,1.5
Karaburma- renorviran - za preporuku 42+10 (trem),105.000,"Beograd, Opština Palilula, Karaburma, Husinskih rudara",42 m2,1.0
Svetao stan kod Bul. Kralja Aleksandra,120.000,"Beograd, Opština Zvezdara, Bulevar kralja Aleksandra, Voje Veljkovića",29 m2,1.0
"Renoviran, kompletno namešten, investicija ID#1327",141.000,"Beograd, Opština Zvezdara, Denkova bašta, Kovačeva",40 m2,2.0
"Renoviran stan sa dvorištem, kod Bogoslovije ID#13",138.200,"Beograd, Opština Palilula, Bogoslovija, ",52 m2,3.0
"Fontana, 77m2, adaptibilan u 3.5, parking",205.000,"Beograd, Opština Novi Beograd, Fontana, Pariske komune",77 m2,2.0
"NEVEROVATNA ponuda! Salonac,duplex,Vojvode Stepe!",230.000,"Beograd, Opština Voždovac, Vojvode Stepe, Vojvode Stepe",128 m2,5+
Novogradnja Ledine,103.500,"Beograd, Opština Surčin, Ledine","46,23 m2",2.5
Extra lux stan u izgradnji-bez provizije,306.000,"Beograd, Opština Savski venac, Humska",68 m2,3.0
"Lako adaptibilan u 1.5, uknjižen",119.900,"Beograd, Opština Zemun, Save Kovačevića, Sava Burića",41 m2,1.0
"Surčin, novogradnja, prvi sprat, rok sept. 2026. g",69.900,"Beograd, Opština Surčin, Surčin (mesto), ","29,48 m2",1.0
"Uknjižen stan, bez ulaganja - Karaburma ID#4134",79.900,"Beograd, Opština Palilula, Karaburma, Dr Drage Ljočić",28 m2,0.5
Ekskluzivan salonac u Svetog Save,830.000,"Beograd, Opština Vračar, Hram svetog Save, Svetog Save",190 m2,4.0
"3.0 stan, južno orjentisan, 81+9m2 ID#1077",270.000,"Beograd, Opština Novi Beograd, Blok 70 (kineski tržni centar), Jurija Gagarina",81 m2,3.0
"Apartman 32m² – Bali Colloseum Altina, lift, renta",63.500,"Beograd, Opština Zemun, Altina, Ugrinovački put 22. deo",32 m2,1.0
VRAČAR (Kalenić) – 44m² •2.0.Podrum 10m² ✨,220.000,"Beograd, Opština Vračar, Hram svetog Save, Kursulina",42 m2,2.0
"Top-Renoviran 3.0 stan, uknjižen, može na kredit",179.500,"Beograd, Opština Voždovac, Autokomanda",49 m2,3.0
"Porodičan stan, lux, na izuzetnoj lokaciji ID#1245",268.450,"Beograd, Opština Zvezdara, Denkova bašta, ",91 m2,4.0
"Blok 45, prvi red do Save, sa baštom",269.000,"Beograd, Opština Novi Beograd, Blok 45 (TC Enjub), Nehruova",73 m2,2.0
"Žarkovo – porodičan stan, 80m²",249.000,"Beograd, Opština Čukarica, Žarkovo, Poručnika Spasića i Mašere",80 m2,4.0
"Jedan od najpovoljnijih renoviranih, uknjiženih st",155.000,"Beograd, Opština Zvezdara, Mirijevo, Petrarkina",63 m2,2.5
"Umka, Zelengorska, 39m2, terasa, odličan",85.000,"Beograd, Opština Čukarica, Umka, Zelengorska",39 m2,1.5
"Panorama 26 - trosoban stan, 77 m², Novi Beograd",498.900,"Beograd, Opština Novi Beograd, Blok 26, Bulevar Mihajla Pupina","77,23 m2",3.0
"Blok 19a Sava Centar, 5 soba jedinstven, opremljen",460.000,"Beograd, Opština Novi Beograd, Blok 19a, Bulevar Arsenija Čarnojevića",132 m2,5.0
Trosoban stan sa velikim potencijalom.,129.000,"Beograd, Opština Zvezdara, Mirijevo, Meše Selimovića",67 m2,3.0
Novogradnja dr Velizara Kosanovića,268.450,"Beograd, Opština Zvezdara, Denkova bašta, Dr Velizara Kosanovića",91 m2,3.5
Lux opremljen stan na Vozdovcu,200.000,"Beograd, Opština Voždovac, Vojvode Vlahovića, Dukatska",70 m2,3.0
Golf - 1.5 - namešten - parking - 1% provizija,128.000,"Beograd, Opština Čukarica, Banovo brdo, Beogradskog bataljona",29 m2,1.5
Potpuno opremljena garsonjera na prodaju,83.000,"Beograd, Opština Zvezdara, Mirijevo, Mirijevski venac",28 m2,1.0
"Dvosoban, adaptibilan u dvoiposoban, Vračar-centar",235.000,"Beograd, Opština Vračar, Kalenić pijaca, Hadži Ruvimova",57 m2,2.0
"Garsonjera kod Cvetkove Pijace, Odeska ID#3811",114.000,"Beograd, Opština Zvezdara, Cvetkova pijaca, Odeska",31 m2,0.5
"2.5 stan u Zemunu, Ohridska ID#3650",164.000,"Beograd, Opština Zemun, Gornji grad, Ohridska",62 m2,2.5
Extra lux stan u Djordja Vajferta-bez provizije,652.500,"Beograd, Opština Vračar, Čubura",145 m2,3.0
Komforan stan sa 3 garazna mesta na Crvenom krstu,560.000,"Beograd, Opština Vračar, Crveni krst, Niska",151 m2,5.0
Brz povrat investicije,620.000,"Beograd, Opština Savski venac, Beograd na vodi, ",144 m2,4.0
2.0 stan-Retenzija-Prve Pruge ID#3836,225.000,"Beograd, Opština Zemun, Retenzija, Prve pruge",58 m2,2.0
"4.0 lux stan kod Đeram pijace, Branka Krsmanovića",380.000,"Beograd, Opština Zvezdara, Đeram pijaca, Branka Krsmanovića",98 m2,4.0
Sergeja Jesenjina - Trosoban - 52 m² + dve terase,115.000,"Beograd, Opština Zemun, Zemun polje, Sergeja Jesenjina",52 m2,3.0
Stan u novogradnji,145.960,"Beograd, Opština Grocka, Kaluđerica, Mokroluška","83,41 m2",3.5
Lux trosoban sa garazom-fiksna cena bez provizije,500.000,"Beograd, Opština Zvezdara, Zvezdarska šuma, Dragiše Lapčevića",100 m2,3.5
BW Aria - Penthouse,620.000,"Beograd, Opština Savski venac, Beograd na vodi, Bulevar Vudroa Vilsona",144 m2,4.0
Green Home - novogradnja sa privatnim dvorištem,111.000,"Beograd, Opština Zemun, Batajnicki drum, Stevana Dubajića","46,09 m2",2.0
Miljana Miljanića - kompletno namešten mali stan,75.000,"Beograd, Opština Voždovac, Vojvode Vlahovića, Miljana Miljanića",22 m2,1.0
"Fontana, 62m2 + 15m2, uknjižen",205.000,"Beograd, Opština Novi Beograd, Fontana, Pariske komune",62 m2,2.0
Namešten trosoban stan u Braće Jerković,249.000,"Beograd, Opština Voždovac, Braće Jerković, Indire Gandi",84 m2,3.0
Konjarnik- Ustanička – renoviran stan 37 m²,137.900,"Beograd, Opština Voždovac, Konjarnik, Ustanička",37 m2,1.5
"Batajnica centar, novogradnja, 3,0, 65,04m2",149.600,"Beograd, Opština Zemun, Batajnica, Jovana Brankovića","65,04 m2",3.0
"Luksuzna novogradnja, retko u ponudi ID#1383",247.500,"Beograd, Opština Novi Beograd, Blok 65, Đorđa Stanojevića",55 m2,2.0
"Lokacija, uknjižen, parking!",205.000,"Beograd, Opština Novi Beograd, Fontana, Pariske Komune",62 m2,2.0
Kompletno Renoviran,155.000,"Beograd, Opština Novi Beograd, Blok 21, Bulevar Mihaila Pupina",29 m2,1.0
Novogradnja odmah useljivo,100.800,"Beograd, Opština Grocka, Kaluđerica, Vojvode Stepe Stepanovića",56 m2,2.5
"Ekskluzivan 3.0 stan na Dedinju, panoramski pogled",625.000,"Beograd, Opština Savski venac, Dedinje, ",111 m2,3.0
Odličan porodični stan 83m² – Vojvode Stepe (kod S,259.000,"Beograd, Opština Voždovac, Vojvode Stepe, Vojvode Stepe",83 m2,3.0
Bulevar JNA Jajinci 42m2 (direktno od investitora),92.400,"Beograd, Opština Voždovac, Jajinci, Bulevar JNA",42 m2,1.5
Oaza mira na Bežanijskoj Kosi,285.000,"Beograd, Opština Novi Beograd, Bežanijska kosa 1, Stojana Aralice",67 m2,3.0
Trosoban stan kod Miljakovačke šume,157.300,"Beograd, Opština Rakovica, Centar",65 m2,3.0
Renoviran 3.0 stan – Beogradska ID#2906,279.000,"Beograd, Opština Vračar, Krunski venac, Beogradska",70 m2,3.0
"Wellport, nov, 2.0, neuseljivan, prelep pogled",250.000,"Beograd, Opština Novi Beograd, Blok 65, Tadije Sondermajera",55 m2,2.0
Moderno renoviran 2.0 stan u Mirijevu,155.000,"Beograd, Opština Zvezdara, Mirijevo, Petrarkina",63 m2,2.0
"Dvosoban stan 42 m², Borča, Palilula, Beograd",84.000,"Beograd, Opština Palilula, Borča, Mihaila Šolohova",42 m2,2.5
Stan sa karakterom u srcu grada,315.000,"Beograd, Opština Stari grad, Centar",78 m2,3.0
Trosoban stan sa puno potencijala Stanoja Glavaša,319.000,"Beograd, Opština Palilula, 27. marta, Stanoja Glavaša",98 m2,3.0
Bw Lumia 3.0 namešten,375.000,"Beograd, Opština Savski venac, Beograd na vodi, Luke Celovica Trebinjca",78 m2,3.0
"Četvorosoban stan, 116m2 - Uskoro useljiv",504.020,"Beograd, Opština Voždovac, Lekino brdo, Gospodara Vučića",116 m2,3.0
"Karaburma 46m2 , terasa 14m2, pogled na Dunav",146.000,"Beograd, Opština Palilula, Karaburma, Marijane Gregoran",60 m2,2.0
"Trosoban stan 97m2, Kneza Miloša Residence",550.000,"Beograd, Opština Savski venac, Kneza Miloša, Sarajevska",97 m2,3.0
Premium penthouse 206m2 sa krovnom terasom 180m2,2.000.000,"Beograd, Opština Savski venac, Senjak",206 m2,4.0
"Prodaja trosobnog stana 91m2, Balkanska",435.000,"Beograd, Opština Savski venac, Balkanska, Balkanska",91 m2,3.0
"Prodaja dvosobnog stana, Wellport IV faza, 57m2",251.000,"Beograd, Opština Novi Beograd, Blok 65, Tadije Sondermajera","57,05 m2",2.0
"Opremljen četvorosoban stan, 2 garažna mesta",400.000,"Beograd, Opština Novi Beograd, Blok 63, Vojvođanska",100 m2,4.0
Neuseljavan dvoiposoban stan kod Đeram pijace,300.000,"Beograd, Opština Zvezdara, Đeram pijaca, Đevđelijska",67 m2,2.5
"Novogradnja Ustanička, uracunat PDV, bez provizije",267.000,"Beograd, Opština Voždovac, Ustanička, Ustanička","77,13 m2",2.5
"LUX 3.0 stan , 2 terase, lift, ID#1017",290.000,"Beograd, Opština Novi Beograd, Bežanijska kosa 1, Dragiše Brašovana",81 m2,3.0
Stambeno - poslovni kompleks Vidikovac Vista,184.800,"Beograd, Opština Rakovica, Vidikovac, Kneza Višeslava 63","60,56 m2",3.0
Stambeno - poslovni kompleks Vidikovac Vista,280.280,"Beograd, Opština Rakovica, Vidikovac, Kneza Višeslava 63","91,13 m2",3.0
Izuzetan stan na prodaju kod Mašinskog fakulteta,245.000,"Beograd, Opština Palilula, Mašinski fakultet, Ivankovačka",80 m2,3.0
"Lux stan, 2xparking.",381.300,"Beograd, Opština Voždovac, Voždovačka crkva",123 m2,4.5
"Stan na odličnoj lokaciji – Tašmajdan, 27. marta",239.000,"Beograd, Opština Palilula, 27. marta, 27. marta",49 m2,2.5
"Uknjižen, svetao, fantastičan pogled",164.000,"Beograd, Opština Zemun, Save Kovačevića, Ohridska",62 m2,2.5
"Vračar, Mileševska – prostran trosoban stan 84 m²",315.000,"Beograd, Opština Vračar, Kalenić pijaca, Mileševska",84 m2,3.0
Bulevar Despota Stefana | Hala Pionir,198.000,"Beograd, Opština Palilula, Bulevar despota Stefana, Bulevar Despota Stefana",49 m2,2.0
Centar Koste Stojanovica Old Town Regency novograd,445.000,"Beograd, Opština Stari grad, Skupština, Koste Stojanovića",80 m2,3.0
Bw Victoria One Bedroom,418.000,"Beograd, Opština Savski venac, Beograd na vodi, ","69,13 m2",2.0
"Bw Lumia 3.0 namešten, odlična pozicija",380.000,"Beograd, Opština Savski venac, Beograd na vodi, Luke Celovica Trebinjca",79 m2,3.0
"Prostran 3.5 stan, nov parket i kupatila, tri lođe",250.000,"Beograd, Opština Vračar, Čubura, Cara Nikolaja",84 m2,3.5
"Bw Riviera, PrestiŽ Na 24. Spratu",1.498.000,"Beograd, Opština Savski venac, Beograd na vodi, ","187,25 m2",4.0
Bw Perla Prestiz na 22. spratu sa pogledom na reku,995.000,"Beograd, Opština Savski venac, Beograd na vodi, ","146,06 m2",4.0
Bw Thalia Penthouse,727.550,"Beograd, Opština Savski venac, Beograd na vodi, ","145,51 m2",4.0
"Zvezdara, Đeram pijaca - Pećska",349.000,"Beograd, Opština Zvezdara, Đeram pijaca, Pećska",118 m2,5.0
"Stan sa pogledom na Hram, retko na tržištu",1.300.000,"Beograd, Opština Vračar, Hram svetog Save, Bore Stankovića",182 m2,4.5
BW Victoria - Spa centar - Četvorosoban stan,832.860,"Beograd, Opština Savski venac, Beograd na vodi, Hercegovačka",139 m2,4.0
BW Eden - Apollo centar - Spreman za useljenje,270.000,"Beograd, Opština Savski venac, Beograd na vodi, Luke Ćelovića Trebinjca","54,93 m2",2.0
Direktno od investitora - Četvorosban stan,591.600,"Beograd, Opština Voždovac, Centar, Jove Ilića","131,48 m2",4.0
Namešten 2.0 soban u kvalitetnoj novogradnji,97.000,"Beograd, Opština Zemun, Batajnica, Belarica 59 nova",37 m2,2.0
Uknjižen 2.0 ugao Ustaničke i Vojislava Ilića,188.000,"Beograd, Opština Zvezdara, Konjarnik, Glasinačka",58 m2,2.0
"Uknjižen, fantastičan stan",119.000,"Beograd, Opština Mladenovac, Mladenovac (mesto)",83 m2,2.5
"Stan sa dvorištem, parking mestom i ostavom",105.000,"Beograd, Opština Mladenovac, Mladenovac (mesto), Momčila Živojinovića",112 m2,4.0
"Nov jednoiposoban stan 44,81 m² – Novi Beograd",152.000,"Beograd, Opština Novi Beograd, Blok 72, Vinogradska","44,81 m2",1.5
"Wellport, izuzetan, garažno mesto, nov, useljiv",279.500,"Beograd, Opština Novi Beograd, Blok 65, Tadije Sondermajera",59 m2,2.0
"Slavija, Nemanjina 95 m2",365.000,"Beograd, Opština Savski venac, Nemanjina, Nemanjina",95 m2,3.5
"Vračar 123m2, Hadži Đerina, Petosoban, Lux, Garaža",615.000,"Beograd, Opština Vračar, Kalenić pijaca, Hadži Đerina",123 m2,5.0
Lep stan sa garažom kod Južnog Bulevara,275.000,"Beograd, Opština Voždovac, Gospodara Vučića, Gospodara Vučića",71 m2,3.0
Stan u Nehruovoj ulici 45m2,175.000,"Beograd, Opština Novi Beograd, Blok 62, Nehruova",45 m2,1.0
Dorćol | Luksuzno renoviran stan,410.000,"Beograd, Opština Stari grad, Studentski trg, Kapetan Mišina","68,40 m2",3.0
"Blok 65, Wellport, 59m2 ID#14524",279.500,"Beograd, Opština Novi Beograd, Blok 65, Tadije Sondermajera",59 m2,2.0
Odličan renoviran stan u Belvilu,390.000,"Beograd, Opština Novi Beograd, Blok 67 (Belvil), Bulevar Crvene Armije",106 m2,3.0
Srce Vračara,230.000,"Beograd, Opština Vračar, Cvetni trg, Desanke Maksimović",56 m2,2.0
"Izuzetan, odmah useljiv stan, Bežanijska kosa",217.000,"Beograd, Opština Novi Beograd, Bežanijska kosa 2, Marka Čelebonovića",64 m2,2.0
"Fontana, svetao, za adaptaciju",205.000,"Beograd, Opština Novi Beograd, Fontana, Pariske komune",62 m2,2.0
"Zemun, vrhunska lokacija",164.000,"Beograd, Opština Zemun, Save Kovačevića, Ohridska",62 m2,2.5
"Renoviran stan u Zemunu, vrhunska prilika",205.000,"Beograd, Opština Zemun, Save Kovačevića, Mića Radakovića",59 m2,2.0
"Banovo brdo, renoviran - uknjižen",134.000,"Beograd, Opština Čukarica, Banovo brdo, Stevana Brakusa",40 m2,1.5
Novogradnja Z1 Residence 44m2 + 20m2 Zvezdara,161.800,"Beograd, Opština Zvezdara, Bulbulder, Ljubice Luković",66 m2,1.5
"Petlovo brdo, Tuzlanska ID#3166",95.000,"Beograd, Opština Rakovica, Petlovo brdo, Tuzlanska",31 m2,1.5
"Kanarevo brdo, Vukasovićeva ID#3005",125.000,"Beograd, Opština Rakovica, Kanarevo brdo, Vukasovićeva",53 m2,2.0
"Nov, uknjižen, Medak padina",135.000,"Beograd, Opština Zvezdara, Medaković 3, Dušana Dude Timotijevića",55 m2,3.0
"Novogradnja, Zemun Gornji grad, 68,56m2",191.968,"Beograd, Opština Zemun, Gornji grad, ","68,56 m2",4.0
"West 65, nov, atraktivan 3.0 stan",410.000,"Beograd, Opština Novi Beograd, Blok 65, Omladinskih brigada",83 m2,3.0
Savremen 1.5 stan u novogradnji – Park Šumice,177.592,"Beograd, Opština Voždovac, Šumice","44,96 m2",1.5
"2.5, garažno mesto, izuzetna lokacija ID#1098",185.000,"Beograd, Opština Zemun, Save Kovačevića","60,47 m2",2.5
"Trosoban, uknjižen, u blizini Prvomajske. ID#1110",164.990,"Beograd, Opština Zemun, Centar, Milana Uzelca",71 m2,3.0
"Prvi sprat, garaža, u mirnom delu Zemuna ID#1259",154.600,"Beograd, Opština Zemun, Gornji grad, ",48 m2,2.5
"Renovirano kupatilo i kuhinja, dvostran, II sprat",149.000,"Beograd, Opština Palilula, Karaburma, ",54 m2,2.0
"Lux, kompletno namešten, odličan za rentiranje ID#",135.000,"Beograd, Opština Voždovac, Lekino brdo, ",31 m2,1.0
"3.5 stan na Zvezdari, Veljka Dugoševića ID#3787",185.000,"Beograd, Opština Zvezdara, Zvezdarska šuma, Veljka Dugoševića",62 m2,3.5
41 m² + Parking | Beo Shopping | Denkova Bašta,125.000,"Beograd, Opština Zvezdara, Denkova bašta, Paje Jovanovića",41 m2,1.5
BW Perla-ekskluzivan stan sa pogledom na reku,750.000,"Beograd, Opština Savski venac, Beograd na vodi, Hercegovačka","117,83 m2",3.0
BW Victoria-luksuzan threebedroom/pogled na reku,735.000,"Beograd, Opština Savski venac, Beograd na vodi, Hercegovačka","128,11 m2",4.0
"Veliki Mokri Lug, Dušana Dude Timotijevića, uknjiž",140.000,"Beograd, Opština Zvezdara, Veliki Mokri Lug, Dušana Dude Timotijevića",65 m2,3.0
Ekskluzivna prilika-stan sa ogromnim potencijalom,199.000,"Beograd, Opština Čukarica, Banovo brdo",65 m2,2.0
Uknjižen renoviran dvoiposoban stan Karaburma,168.000,"Beograd, Opština Palilula, Karaburma",55 m2,2.5
"Vojvode Stepe, četvorosoban sa garažom",269.500,"Beograd, Opština Voždovac, Voždovačka crkva, Vojvode Stepe",76 m2,4.0
Autokomanda-prostran trosoban 93m² sa garažom ID#2,338.000,"Beograd, Opština Voždovac, Autokomanda, Vojvode Stepe",93 m2,3.0
Duplex 145m²- Kumodraška ID#2903,530.400,"Beograd, Opština Voždovac, Dušanovac, Kumodraška",145 m2,5.0
Novogradnja u Matice srpske – moderan stan na odli,130.000,"Beograd, Opština Zvezdara, Mirijevo, Matice Srpske",64 m2,2.5
"Mirijevo– moderan stan,novogradnja lux ID#1648",129.000,"Beograd, Opština Zvezdara, Mirijevo, ","58,04 m2",3.0
Centar Beograda - Bulevar despota Stefana 49 m² ID,193.000,"Beograd, Opština Palilula, Bulevar despota Stefana, Bulevar despota Stefana",54 m2,2.0
"Kredit Borča 3,0 sa parking mestom",114.900,"Beograd, Opština Palilula, Borča, Mihaila Šolohova",65 m2,3.0
"Ekskluzivan,uknjižen, kompletno namešten, duplex n",310.000,"Beograd, Opština Voždovac, Lekino brdo, Cankareva",98 m2,4.0
Retka prilika na Vračaru ID#16005,270.000,"Beograd, Opština Vračar, Čubura, Generala Horvatovića","78,13 m2",3.0
"Izuzetno funkcionalan, uknjizen, odmah useljiv",138.500,"Beograd, Opština Zvezdara, Konjarnik, Olge Alkalaj",36 m2,1.5
Vidikovac,129.000,"Beograd, Opština Rakovica, Vidikovac, Vidikovački venac",28 m2,1.5
Salonski dvoiposoban stan 57m2 sa parkingom,258.000,"Beograd, Opština Stari grad, Skadarlija, Bulevar despota Stefana",57 m2,2.5
Luksuzan salonski stan kod Skupštine-Kosovska,417.000,"Beograd, Opština Stari grad, Skupština, Kosovska",87 m2,3.0
LUX 4.0 stan sa panoramskim pogledom,610.000,"Beograd, Opština Savski venac, Beograd na vodi, Hercegovačka",124 m2,4.0
"Višnjička banja, crvena fasadna cigla",185.000,"Beograd, Opština Palilula, Višnjička Banja, Slobodana Jovanovića",67 m2,2.5
"Zemun Kej, 78(2L) delimično pogled na Dunav",265.000,"Beograd, Opština Zemun, Kej",78 m2,2.5
U ponudi je stan na izuzetno atraktivnoj lokaciji,234.900,"Beograd, Opština Voždovac, Šumice, Vidska",72 m2,2.5
"Stari grad, Bajloni, 104+20, sređen, polunamešten",395.000,"Beograd, Opština Stari grad, Gundulićev venac, Šantićeva",104 m2,4.0
"Bogoslovija, 53kvm, 3-s., CG, + parking-zakup",139.000,"Beograd, Opština Palilula, Bogoslovija, Mije Kovačevića",53 m2,2.5
"Odlična prilika, 55m2, uknjižen",137.500,"Beograd, Opština Čukarica, Banovo brdo, Udbinska",55 m2,2.0
"Braće Jerković, trosoban",230.000,"Beograd, Opština Voždovac, Braće Jerković, Braće Jerković",91 m2,3.0
K-District. Namešten i nov. Garaža u ceni,419.000,"Beograd, Opština Stari grad, Dorćol, Dunavska",68 m2,2.0
"Bežanijska kosa II, stan za preporuku ID#25241",335.000,"Beograd, Opština Novi Beograd, Bežanijska kosa 2, Marka Čelebonovića",96 m2,4.0
Zepterra 05 | Blok 65 | Kompletno namešten | Odlič,329.000,"Beograd, Opština Novi Beograd, Blok 65, ",70 m2,3.0
Stan sa odvojenom spavaćom i pogledom na prirodu,107.622,"Beograd, Opština Voždovac, Banjica, ","39,76 m2",1.5
"NOV uknjižen, miran, velika terasa 28 kvm",148.000,"Beograd, Opština Zvezdara, Gradska bolnica, Dimitrija Katića",56 m2,1.5
komforna garsonjera u prizemlju,77.500,"Beograd, Opština Palilula, Višnjička Banja, Batočinska",28 m2,0.5
"U ponudi stan, Glasinačka, Konjarnik",152.000,"Beograd, Opština Voždovac, Konjarnik, Glasinačka",45 m2,1.0
"Kvalitetno renoviran, odlična lokacija",168.000,"Beograd, Opština Palilula, Karaburma, Pera Ćetkovića",55 m2,2.5
"Bežanijska Kosa 1, 59m2 +10m2 renoviran",245.000,"Beograd, Opština Novi Beograd, Bežanijska kosa 1, Marka Čelebonovića",69 m2,2.0
"Izuzetan stan, 4.0, Denkova bašta",268.450,"Beograd, Opština Zvezdara, Denkova bašta","90,89 m2",4.0
"Renoviran duplex stan na odličnoj lokaciji, Stari",215.000,"Beograd, Opština Stari grad, Dorćol, Đorđa Jovanovića",54 m2,3.0
Salonski stan na Banovom brdu,270.000,"Beograd, Opština Čukarica, Banovo brdo, Nikolaja Gogolja",98 m2,4.0
"Vračar (Šumatovačka ulica), 84 m2, Banat Gradnja",319.200,"Beograd, Opština Vračar, Južni bulevar, Šumatovačka",84 m2,3.5
"Odlična prilika, porodičan 4.0, luks novogradnja",286.700,"Beograd, Opština Voždovac, Autokomanda, Kumodraška",94 m2,4.0
"2.5 stan, Južni bulevar-Deli Radivoja ID#3859",176.000,"Beograd, Opština Voždovac, Lekino brdo, Deli Radivoja",49 m2,2.5
Lux duplex Crveni krst ID#16003,340.000,"Beograd, Opština Zvezdara, Crveni krst, Prespanska",94 m2,3.0
Stan sa pogledom na reku,999.900,"Beograd, Opština Stari grad, Kosančićev venac, Karadjordjeva",175 m2,5+
"Salonac, Brankova, 1.sprat ID#25622",265.000,"Beograd, Opština Stari grad, Centar, Brankova",61 m2,2.0
"Kod BEO Shopping centra, Uknjizen. Moze na kredit",141.000,"Beograd, Opština Zvezdara, Denkova bašta, Kovačeva",39 m2,2.0
"Uknjižen, sa parkingom - Cvetanova ćuprija ID#4116",135.000,"Beograd, Opština Zvezdara, Cvetanova ćuprija, Mihajla Kostića Pljake",47 m2,2.5
Vračar -Metohijska -uknjižen - bespl.parking,202.000,"Beograd, Opština Vračar, Crveni krst, ",53 m2,2.0
Novogradnja u Mirijevu,112.000,"Beograd, Opština Zvezdara, Mirijevo, Nine Kirsanove",45 m2,1.5
Lux novogradnja 4.0 - Park Šumice,325.171,"Beograd, Opština Voždovac, Šumice","79,31 m2",4.0
"Odličan, 3.0, porodičan stan",314.000,"Beograd, Opština Čukarica, Banovo brdo, Petra Lekovića",103 m2,3.0
Lux duplex u strogom centru grada - Kralja Petra,740.000,"Beograd, Opština Stari grad, Dorćol",179 m2,4.0
"Odličan dvosoban, blok 70a",219.900,"Beograd, Opština Novi Beograd, Blok 70a, Dr Agostina Neta",67 m2,2.0
"Zemun, fenomenalna lokacija i odlična investicija",97.000,"Beograd, Opština Zemun, Cara Dušana, Cara Dušana",31 m2,1.5
"Banovo Brdo, 3.0 + parking mesto",269.000,"Beograd, Opština Čukarica, Banovo brdo",106 m2,3.0
Odlican noviji manji stan u blizini Autokomande!,130.000,"Beograd, Opština Voždovac, Autokomanda, Kumodraška",39 m2,2.0
"Zemun, Atanasija Pulje, 3.0 stan sa parking mestom",169.000,"Beograd, Opština Zemun, Gornji grad, Atanasija Pulje",70 m2,3.0
Odličan stan u samom centru,442.000,"Beograd, Opština Stari grad, Trg Nikole Pašića, Dečanska",85 m2,3.0
Uknjižen 1.5 stan - kod škole ID#4244,93.000,"Beograd, Opština Rakovica, Vidikovačka padina, 17. oktobra",30 m2,1.5
"Sređen, dupleks, savršena lokacija, Miljakovac",190.000,"Beograd, Opština Rakovica, Miljakovac, Dimitrija Koturovića",117 m2,3.0
"Fasadna cigla, duplex, Susedgradska",239.000,"Beograd, Opština Rakovica, Vidikovac, Susedgradska",108 m2,4.5
"Lux K-District, pogled na reku",777.000,"Beograd, Opština Stari grad, Dorćol, Dunavska",152 m2,4.0
"Odlican 2.5 stan, centar Zemuna, park!",229.000,"Beograd, Opština Zemun, Centar, Dr Miloša Radojčića",68 m2,3.0
"Vračar, Novopazarska – 3.0 sa garažnim mestom",415.000,"Beograd, Opština Vračar, Kalenić pijaca, Novopazarska",83 m2,3.0
"Gornji grad, Dragana Rakica, 3.0, 84 m2, parking",295.000,"Beograd, Opština Zemun, Gornji grad, Dragana Rakića",84 m2,3.0
"Karaburma, Husinskih rudara",139.900,"Beograd, Opština Palilula, Karaburma, Husinskih rudara",54 m2,2.0
Blok 65 - Tadije Sondermajera,300.000,"Beograd, Opština Novi Beograd, Blok 65, Tadije Sondermajera",58 m2,2.0
West Tower | Blok 65 | Odličan raspored,650.000,"Beograd, Opština Novi Beograd, Blok 65, ",123 m2,4.0
BW Riviera 01 | Beograd na vodi | Pogled na reku,1.000.000,"Beograd, Opština Savski venac, Beograd na vodi",153 m2,3.0
"Retko, namesten, pesacka zona",389.000,"Beograd, Opština Stari grad, Knez Mihailova, Čika Ljubina",73 m2,3.0
"Uknjizen, nov 3.0 stan, mogucnost kredita za mlade",134.500,"Beograd, Opština Grocka, Kaluđerica, Kaluđerica",82 m2,3.0
"Airport garden, nov, neuseljavan",259.800,"Beograd, Opština Novi Beograd, Blok 65, Đorđa Stanojevića",60 m2,2.0
Odmah useljiv 3.0 stan sa prelepim pogledom!,164.000,"Beograd, Opština Zemun, Save Kovačevića, Ohridska",62 m2,2.5
Luksuzan Dvosoban Stan,138.000,"Beograd, Opština Palilula, Karaburma, Dragoslava Srejovića",44 m2,2.0
Novi Beograd | Dušana Krstića | 77m2,200.000,"Beograd, Opština Novi Beograd, Ledine, Dušana Krstića",77 m2,3.0
"Renoviran i namešten 2,5 stan 77 m² – Medaković 3",209.000,"Beograd, Opština Zvezdara, Medaković 3, Braće Srnić",77 m2,2.5
"Odlica stan,okruzen zelenilom,trostrano orjentisan",345.000,"Beograd, Opština Voždovac, Šumice, Braće Kovač",99 m2,3.5
"Batajnica, pretprodaja, 61.29 m2, cena + pdv",100.293,"Beograd, Opština Zemun, Batajnica, ","61,29 m2",3.0
"Batajnica, pretprodaja, 45.80 m2, cena + pdv",83.272,"Beograd, Opština Zemun, Batajnica, ","45,80 m2",1.5
"Novogradnja, Bulevar residence, 42.66 m2 + pdv",127.980,"Beograd, Opština Zvezdara, Bulevar kralja Aleksandra, ","42,66 m2",1.5
"BW Perla, Ekskluzivan rezidencijalni prostor na 16",969.000,"Beograd, Opština Savski venac, Beograd na vodi, Hercegovačka",150 m2,4.0
"Vidikovac, nov, odmah useljiv stan",188.000,"Beograd, Opština Rakovica, Vidikovac, Kneza Višeslava",60 m2,3.0
"Novogradnja, Zemun, Železnička, 59,24m2, dvosoban",177.000,"Beograd, Opština Zemun, Prvomajska, Železnička","59,24 m2",2.0
"Vojvode Vlahović, luks uknjižen stan",132.000,"Beograd, Opština Zvezdara, Vojvode Vlahovića, Vojvode Vlahovića",43 m2,2.0
"Ledine, ugao Surčinske i Valtrovićeve u izgradnji",170.000,"Beograd, Opština Novi Beograd, Ledine, Valtrovićeva",64 m2,3.0
"Ledine, dvoiposoban stan u izgradnji",146.000,"Beograd, Opština Novi Beograd, Ledine",55 m2,2.5
Prodaja: 2.5-soban stan (kuća u nizu) na Ceraku,195.000,"Beograd, Opština Čukarica, Cerak, Kadinjača",62 m2,2.5
Četvorosoban dvoetažni stan Julino brdo,185.000,"Beograd, Opština Čukarica, Julino brdo, Siniše Stankovića",75 m2,4.0
"Lekino Brdo Dvoiposoban stan 62,73m² – Lekino brd",250.857,"Beograd, Opština Voždovac, Lekino brdo, Matuvljeva","62,74 m2",3.0
Blok 30 Stan 64m2 Dvosoban,230.000,"Beograd, Opština Novi Beograd, Blok 30 (B92), Bulevar Mihajla Pupina",64 m2,2.0
Direktna prodaja-Luksuzna novogradnja-cena sa PDVo,153.859,"Beograd, Opština Voždovac, Vojvode Vlahovića, Generala Đoke Popovića","58,28 m2",3.0
"Lux - Green Hill 184m2+60m2 T, 2 garazna mesta",989.000,"Beograd, Opština Savski venac, Dedinje, Dr Vojislava Stojanovića",184 m2,4.0
"Luksuzan 4.0 stan,Sunnyville ID#12728",350.000,"Beograd, Opština Palilula, Višnjička Banja, Mirka Milojkovića",122 m2,4.0
"Voždovac , 2.0 stan ID#15806",155.000,"Beograd, Opština Voždovac, Kumodraž, Bulevar Peka Dapčevića",55 m2,2.0
Odličan četvorosobni stan na Banjici,272.700,"Beograd, Opština Voždovac, Banjica",88 m2,4.0
"Uknjižen, namešten, lokacija, investicija!",155.000,"Beograd, Opština Novi Beograd, Blok 21, Bulevar Mihajla Pupina",29 m2,1.0
"Odličan porodičan stan, Cerak Vinogradi",270.000,"Beograd, Opština Čukarica, Cerak vinogradi, Lipa",94 m2,4.0
"Vracar, Stojana Protica renoviran",300.000,"Beograd, Opština Vračar, Hram svetog Save, Stojana Protića",72 m2,2.5
Sjajna ponuda! Luksuzan stan kvalitetne gradnje!,275.000,"Beograd, Opština Zvezdara, Mirijevo, Radivoja Markovića",110 m2,4.0
"Odmah useljiv, renoviran",132.000,"Beograd, Opština Voždovac, Braće Jerković, Braće Jerković",29 m2,1.5
"Izuzetna novogradnja, dve spavaće sobe + parking I",133.584,"Beograd, Opština Rakovica, Miljakovac, ","55,66 m2",2.5
Lux novogradnja sa parking mestom ID#1300,76.500,"Beograd, Opština Grocka, Kaluđerica, ",45 m2,2.5
"Izuzetan kvalitet gradnje, Kaluđerica ID#1301",68.000,"Beograd, Opština Grocka, Kaluđerica",40 m2,2.0
"Blok 28, Milutina Milankovića, 56m2 2.5",201.600,"Beograd, Opština Novi Beograd, Blok 28, ",56 m2,2.5
Novi Beograd-Wellport ID#1600,799.000,"Beograd, Opština Novi Beograd, Blok 65, Omladinskih brigada",141 m2,4.0
Novi Beograd-Kula West ID#1599,429.000,"Beograd, Opština Novi Beograd, Blok 65, Omladinskih brigada",78 m2,3.0
Retko u ponudi,349.000,"Beograd, Opština Stari grad, Takovska, Generala Lešjanina",90 m2,4.0
"Lekino brdo, Tetovska 46 m2, Banat Gradnja, novo",152.100,"Beograd, Opština Voždovac, Lekino brdo, Tetovska",39 m2,2.0
"LUX Hram svetog Save, uknjižen, može na kredit",249.000,"Beograd, Opština Vračar, Hram svetog Save, Baba Višnjina",50 m2,2.0
"Palilula, Višnjička banja - Darinke Jevrić",269.000,"Beograd, Opština Palilula, Višnjička Banja, Darinke Jevrić",93 m2,3.0
"Palilula, Višnjička banja - Slanački put",265.000,"Beograd, Opština Palilula, Višnjička Banja, Slanački put",67 m2,3.0
"Odmah useljiv, sa pogledom",205.000,"Beograd, Opština Voždovac, Banjica, Paunova",80 m2,3.0
Stan Durmitorska na prodaju,287.600,"Beograd, Opština Savski venac, Sarajevska, Durmitorska",67 m2,4.0
"Kolubarska, lux novogradnja",185.455,"Beograd, Opština Voždovac, Ustanička, Kolubarska","51,05 m2",1.5
"Odičan 2.0 stan, useljiv krajem 2026.",226.314,"Beograd, Opština Novi Beograd, Blok 64, Đorđa Stanojevića","59,09 m2",2.0
Bw Quartet4 Pogled na Kulu,349.500,"Beograd, Opština Savski venac, Beograd na vodi, Nikolaja Kravcova",78 m2,3.0
Bw Iris 4.0 Panoramski Pogled useljiv odmah!,499.500,"Beograd, Opština Savski venac, Beograd na vodi, Bulevar Vudroa Vilsona",111 m2,4.0
"Krunska,Molerova,raskošan salonac,odlicna zgrada.",310.000,"Beograd, Opština Vračar, Krunska, Molerova",75 m2,3.0
"Ekskluzivna ponuda. Lux, svetao, dvosoban stan.",141.000,"Beograd, Opština Voždovac, Braće Jerković, Jovana Bijelića","37,30 m2",2.0
Lux 4.5 stan sa 2 parking mesta i velikom terasom!,381.300,"Beograd, Opština Voždovac, Voždovačka crkva, Nikole Đurkovića",123 m2,4.5
"Blok 44 do Save, sjajan, 5 odvojenih soba, useljiv",335.000,"Beograd, Opština Novi Beograd, Blok 44 (TC Piramida), Gandijeva",110 m2,4.5
"Belvil sređen, odmah useljiv, bez ulaganja",199.000,"Beograd, Opština Novi Beograd, Blok 67 (Belvil), Bulevar Crvene Armije",45 m2,1.5
48 m² | Parking | Zeleno dvorište | Bez ulaganja,156.000,"Beograd, Opština Zemun, Gornji grad, Cara Dušana",48 m2,2.0
Novogradnja - porodični stan|Gornji Zemun,191.996,"Beograd, Opština Zemun, Gornji grad","68,57 m2",3.0
"Duplex lux, retko u ponudi, mereno 196m2 ID#14453",300.000,"Beograd, Opština Palilula, Borča, Mihaila Šolohova",180 m2,5.0
"Blok 21, 29m², 1.0 + terasa 60m², panoramski pogle",155.000,"Beograd, Opština Novi Beograd, Blok 21, Bulevar Mihajla Pupina",29 m2,1.0
Odličan blizu hrama - Отличная рядом с храмом,189.000,"Beograd, Opština Vračar, Karađorđev park, Nebojšina",42 m2,1.5
LUX trosobni stan 93 m² sa garažom – Autokomanda,338.000,"Beograd, Opština Voždovac, Autokomanda, Vojvode Stepe",93 m2,3.0
Odlican izvorno jednoiposoban namešten stan,112.000,"Beograd, Opština Zvezdara, Cvetanova ćuprija, Mihajla Kostića Pljake",34 m2,1.5
"Mestroviceva,odlican,sredjen,uknjizen",191.500,"Beograd, Opština Voždovac, Braće Jerković, Meštrovićeva",60 m2,2.5
"Novogradnja, Zemun Gornji grad, 74,54m2",208.712,"Beograd, Opština Zemun, Gornji grad, ","74,54 m2",4.0
"Voždovac, Medakovićeva, 33m2 i dvorište",98.000,"Beograd, Opština Voždovac, Medaković 1, Medakovićeva",33 m2,1.5
Duplex-stari cerak,200.000,"Beograd, Opština Čukarica, Cerak, Šavnička",124 m2,5.0
"Sremčica, kompletno renoviran",175.750,"Beograd, Opština Čukarica, Sremčica, Brusnička",95 m2,3.5
"Kanarevo brdo, Borska",110.000,"Beograd, Opština Rakovica, Kanarevo brdo, Borska",38 m2,1.5
"Odličan raspored, lux, moguća kreditna kupovina ID",89.093,"Beograd, Opština Zvezdara, Cvetanova ćuprija, ","38,74 m2",2.0
"Izuzetna novogradnja, igralište za decu, parking I",94.720,"Beograd, Opština Zvezdara, Cvetanova ćuprija, ","39,47 m2",2.0
Na sedam minuta udaljenosti od Autokomande ID#1194,95.095,"Beograd, Opština Zvezdara, Cvetanova ćuprija, ","41,37 m2",2.0
"Blok 28, renoviran, adaptiran stan, ID 25706",229.000,"Beograd, Opština Novi Beograd, Blok 28, Bulevar Arsenija Čarnojevića",62 m2,2.5
"1.0 stam u bloku 21 sa terasom od 60m2, Bul. Mihaj",155.000,"Beograd, Opština Novi Beograd, Blok 21, Bulevar Mihajla Pupina",29 m2,1.0
Novo na Voždovcu sa 4 spavaće,411.900,"Beograd, Opština Voždovac, Dušanovac, Ustanička",135 m2,5.0
"Novo na Voždovcu, 2 spavaće sobe",192.900,"Beograd, Opština Voždovac, Dušanovac, Ustanička","56,77 m2",2.5
"Renoviran, svetao, u parku, uknjižen,brzo useljiv",192.900,"Beograd, Opština Zemun, Prvomajska, Prvomajska",64 m2,2.0
2U1 perfektan uknjižen brzo useljiv stan,341.000,"Beograd, Opština Zvezdara, Vukov Spomenik, Đuke Dinić",83 m2,3.5
Lux useljiv u Stambenom Kompleksu kod nove Crkve,118.000,"Beograd, Opština Novi Beograd, Ledine, MIODRAGA PETROVIĆA ČKALJE",43 m2,2.0
Extra lux stan na Crvenom Krstu-bez provizije,247.500,"Beograd, Opština Vračar, Crveni krst",55 m2,2.0
Lux penthaus sa dve garaze+krovna terasa (140m2),1.100.000,"Beograd, Opština Vračar, Krunski venac",149 m2,5.0
Extra lux stan sa garazom i dvoristem-bez provizij,929.000,"Beograd, Opština Savski venac, Dedinje, Veljka Lukića Kurjaka",210 m2,4.0
Extra lux stan na Crvenom Krstu-bez provizije,516.000,"Beograd, Opština Vračar, Crveni krst",120 m2,4.0
"Odličan, namešten 2.5 stan",175.500,"Beograd, Opština Zvezdara, Vojvode Vlahovića, Milovana Vidakovića",54 m2,2.5
"Miodraga Živanovića, uknjižen, 2.0",155.000,"Beograd, Opština Voždovac, Vojvode Vlahovića, Vojvode Vlahovića",45 m2,2.0
Renoviran,217.000,"Beograd, Opština Čukarica, Cerak vinogradi, Vinogradski venac",62 m2,2.5
"Jednoiposoban stan, parking mesto I dvoriste",130.000,"Beograd, Opština Rakovica, Vidikovačka padina, Prvoboraca",37 m2,1.5
Top lokacija - lux stan,228.000,"Beograd, Opština Čukarica, Cerak vinogradi, Lipa",59 m2,2.0
"Miljakovac 3, uknjižen, komforan",110.000,"Beograd, Opština Rakovica, Miljakovac, Kapablankina",47 m2,1.5
"Pravi trosoban stan, kod Maxija",187.000,"Beograd, Opština Rakovica, Miljakovac, Bogdana Žerajića",75 m2,3.0
"Vračar, funkcionalan 3.5 stan",270.000,"Beograd, Opština Vračar, Crveni krst, Svetolika Rankovića",77 m2,3.5
"Odličan, adaptibilan, 54+7 lođa",175.000,"Beograd, Opština Rakovica, Miljakovac, Stevana Opačića",61 m2,2.0
Porodičan stan sa pogledom koji osvaja,234.000,"Beograd, Opština Rakovica, Vidikovac, Patrijarha Joanikija",91 m2,4.0
"Vidikovačka padina, Humski put",71.000,"Beograd, Opština Rakovica, Vidikovačka padina, Humski put",29 m2,1.5
"Izuzetan, sunčan, garaža",299.900,"Beograd, Opština Voždovac, Lekino brdo, Rada Neimara",75 m2,3.0
Uknjižen 1.5 stan plus terasa,149.900,"Beograd, Opština Rakovica, Miljakovac, Bogdana Žerajića",35 m2,1.5
"Vidikovačka padina, dvosoban stan",132.500,"Beograd, Opština Rakovica, Vidikovačka padina, 17. oktobra",44 m2,2.0
"Renoviran, Vidikovački venac",187.000,"Beograd, Opština Rakovica, Vidikovac, Vidikovački venac",41 m2,2.0
"Odličan, 2.0, uknjižen",132.999,"Beograd, Opština Čukarica, Železnik, Darinke Radović",59 m2,2.0
"Vidikovac, Vidikovački venac",138.990,"Beograd, Opština Rakovica, Vidikovac, Vidikovački venac",58 m2,3.0
"Premium novogradnja, LUX 2.5, cena sa PDV-om",188.275,"Beograd, Opština Zemun, Gornji grad, Zemun",59 m2,2.5
"Namešten dvosoban stan, 52m2 ID#15988",223.000,"Beograd, Opština Palilula, Hadžipopovac, Milana Tankosića",52 m2,2.0
"Trosoban stan za hedoniste, useljiv za mesec dana",179.000,"Beograd, Opština Zvezdara, Cvetanova ćuprija, ",81 m2,3.0
"Sunnyville premium, 72m2, 3.0, nov ID#1399",241.500,"Beograd, Opština Palilula, Višnjička Banja, ","72,31 m2",2.0
West 65 Tower|Trosoban stan|105 m²| X sprat ID#278,595.000,"Beograd, Opština Novi Beograd, Blok 65, Omladinskih brigada",105 m2,3.0
Uknjižena novogradnja u Dobanovačkoj,234.298,"Beograd, Opština Zemun, Dobanovačka, Dobanovačka","75,58 m2",3.5
Lux penthouse na Banovom brdu,465.990,"Beograd, Opština Čukarica, Banovo brdo, Karpoševa","133,14 m2",4.0
Duplex stan u Boutique novogradnji na Vračaru,444.285,"Beograd, Opština Vračar, Čubura, Nikolaja Hartviga","98,73 m2",3.0
Novogradnja - Cara Dušana,247.200,"Beograd, Opština Zemun, Cara Dušana, Cara Dušana","82,40 m2",3.5
BW Nika - Studio stan u Apollo centru - 2. sprat,185.000,"Beograd, Opština Savski venac, Beograd na vodi, Bulevar Vudroa Vilsona","32,30 m2",1.0
"Vračar, Vojislava Ilića - Metohijska 74,5m2",259.500,"Beograd, Opština Vračar, Crveni krst, Metohijska","74,50 m2",2.5
"Kalenić 86m2, salonac idealan za poslovni prostor",315.000,"Beograd, Opština Vračar, Kalenić pijaca, Njegoševa",86 m2,3.0
"SC Vračar 65m2, renoviran stan sa parkingom",300.000,"Beograd, Opština Vračar, SC Vračar, Mileševska",65 m2,3.0
"Voždovac, Autokomanda 42m2 jednoiposoban stan",159.000,"Beograd, Opština Voždovac, Autokomanda, Ustanička",42 m2,1.5
"Sunnyville 46m2, 2.0 sa parking mestom",167.000,"Beograd, Opština Palilula, Višnjička Banja, Slanački put",46 m2,2.0
"Renoviran, uknjižen, brzo useljiv",256.000,"Beograd, Opština Stari grad, Centar, Braće Baruh",60 m2,2.0
"Kompletno namešten, odvojena soba, u centru Zemuna",97.000,"Beograd, Opština Zemun, Cara Dušana, Cara Dušana",31 m2,1.5
"Zemun, Save Kovačević, 78m2, 3.0, renoviran ID#159",255.000,"Beograd, Opština Zemun, Save Kovačevića, Mića Radakovića",78 m2,3.0
"Kula West 65, lux, 95m2, garaža, namešten",530.000,"Beograd, Opština Novi Beograd, Blok 65, Omladinskih brigada",95 m2,3.0
BW Aria lux prelep cetvorosoban stan 110m2,510.000,"Beograd, Opština Savski venac, Beograd na vodi",110 m2,4.0
Adaptibilan uknjižen stan u bloku 62,220.000,"Beograd, Opština Novi Beograd, Blok 62, Nehruova",66 m2,2.0
Odlična lokacija - Studentski trg 65m2,225.000,"Beograd, Opština Stari grad, Studentski trg, Višnjićeva",65 m2,2.0
"5,5 Centar , Makedonska, perfektan , raskosan sa",625.000,"Beograd, Opština Stari grad, Centar, Makedonska",138 m2,5+
"3,0 Vracar , izuzetan , kompletno opremljen , LUX",385.000,"Beograd, Opština Vračar, Centar, ",83 m2,3.0
"Zemun centar 2,5 48m2",168.000,"Beograd, Opština Zemun, Gardoš",48 m2,2.5
"Konjarnik, Ustanicka, 1.5 (adapt. u 2.0), 47 m2",139.000,"Beograd, Opština Zvezdara, Konjarnik, Ustanička",47 m2,1.5
Odmah useljiv stan u M. Milankovica u bloku 28!,179.000,"Beograd, Opština Novi Beograd, Blok 28, Bulevar Milutina Milankovića",55 m2,2.0
2.5 stan sa garazom u novogradnji kod Trosarine!,229.900,"Beograd, Opština Voždovac, Trošarina, Save Maškovića",66 m2,2.5
"Bežanijska kosa II, uknjižen, odmah useljiv",68.000,"Beograd, Opština Novi Beograd, Bežanijska kosa 2, Nedeljka Gvozdenovića",30 m2,1.0
Zeleznik uknjizena novogradnja,153.120,"Beograd, Opština Čukarica, Železnik, Radnih akcija","57,50 m2",2.5
"Bežanijska kosa 3, Srđana Aleksića, 1,0, 38m",131.000,"Beograd, Opština Novi Beograd, Bežanijska kosa 3, Srđana Aleksića",38 m2,1.0
"Beograd na vodi, BW Nika, 2.0. LUX, Useljiv uskoro",285.000,"Beograd, Opština Savski venac, Beograd na vodi, Vožda Đorđa Stratimirovića","55,32 m2",2.0
"Bez provizije, novogradnja, lux",181.800,"Beograd, Opština Vračar, Južni bulevar, Politova",42 m2,1.5
"Beograd na vodi, BW Nika, studio, Useljiv uskoro",185.000,"Beograd, Opština Savski venac, Beograd na vodi, Vožda Đorđa Stratimirovića","32,06 m2",0.5
"BW Eden, LUX, 3.0. Useljiv uskoro",345.000,"Beograd, Opština Savski venac, Beograd na vodi, Bulevar Vudroa Vilsona",76 m2,3.0
"BW Terraces, 3.0. Lux, Useljiv",675.000,"Beograd, Opština Savski venac, Beograd na vodi, Hercegovačka",102 m2,3.0
BW Metropolitan | 3.0. | Pogled na reku,560.000,"Beograd, Opština Savski venac, Beograd na vodi, Bulevar Vudroa Vilsona",102 m2,3.0
"Dorćol – Cara Dušana, Luksuzni salonac",849.000,"Beograd, Opština Stari grad, Cara Dušana, Cara Dušana",173 m2,4.0
BW|Pažljivo dizajniran stan|Pogled na reku|124m2,610.000,"Beograd, Opština Savski venac, Beograd na vodi, Hercegovačka",124 m2,4.0
BW Sensa | Luksuzan trosoban stan u fazi opremanja,399.000,"Beograd, Opština Savski venac, Beograd na vodi, Luke Ćelovića Trebinjca","86,77 m2",3.0
"BW Metropolitan, LUX Studio, Useljiv",195.000,"Beograd, Opština Savski venac, Beograd na vodi, Bulevar Vudroa Vilsona",30 m2,0.5
"BW Vista, 3.0. Uknjižen i useljiv",370.000,"Beograd, Opština Savski venac, Beograd na vodi, Hercegovačka",82 m2,3.0
"Beograd na vodi, BW Quartet, 3.0. lux, Useljiv",384.000,"Beograd, Opština Savski venac, Beograd na vodi, Luke Ćelovića Trebinjca","85,37 m2",3.0
Odmah useljivo - Bašta - Parking,135.000,"Beograd, Opština Čukarica, Bele vode, Milana Delića",40 m2,2.0
"Dalmatinska, jednoiposoban 34m2, uknjižen",120.000,"Beograd, Opština Zvezdara, Vukov Spomenik, Dalmatinska",34 m2,1.5
"Može na kredit, 103m2, adaptilan u 4.0 ID#1023",396.000,"Beograd, Opština Stari grad, Dorćol, Visokog Stevana",103 m2,3.0
"3.0 stan u Novogradnji, Nine Kirsanove ID#3773",136.000,"Beograd, Opština Zvezdara, Mirijevo, Nine Kirsanove",61 m2,3.0
Luksuzni stan - apartman,117.000,"Beograd, Opština Voždovac, Ustanička, Ustanička 84","31,40 m2",1.0
Odmah useljiv stan u lux zgradi,212.000,"Beograd, Opština Voždovac, Ustanička, Ustanička 84a","65,18 m2",3.0
Luksuzni stan - apartman,182.000,"Beograd, Opština Voždovac, Ustanička, Ustanička","54,48 m2",3.0
Dvoiposoban stan u luksuznoj zgradi,199.000,"Beograd, Opština Voždovac, Ustanička, Ustanička 84","56,75 m2",3.0
Luksuzni penthaus vaših snova,394.000,"Beograd, Opština Voždovac, Ustanička, Ustanička 84","121,16 m2",4.0
Luksuzni stan vaših snova,433.000,"Beograd, Opština Voždovac, Ustanička, Ustanička","134,75 m2",4.0
Odličan Kompletno Renoviran Stan-VN 015,178.900,"Beograd, Opština Rakovica, Kanarevo brdo, Ivana Mičurina",61 m2,2.5
"BW Riviera, najpoželjniji stan, direktno na reci I",1.590.000,"Beograd, Opština Savski venac, Beograd na vodi, Hercegovačka",204 m2,4.0
"Lekino brdo, Tetovska 46 m2, Banat Gradnja, novo",179.400,"Beograd, Opština Voždovac, Lekino brdo, Tetovska",46 m2,2.0
Luksuzan porodičan stan u novogradnji – Zemun,405.405,"Beograd, Opština Zemun, Ćukovac, Bregovita","115,83 m2",5.0
Prodaja stana u Beogradu,466.000,"Beograd, Opština Stari grad, Centar, Palmotićeva",110 m2,3.0
"U mirnom kraju, dvostran, svetao",149.000,"Beograd, Opština Palilula, Karaburma, Dr Nika Miljanića",51 m2,2.0
"Lux, odmah useljiv",159.000,"Beograd, Opština Zemun, Zemunske kapije, Šumadijska",37 m2,1.0
"Prvi sprat, useljiv stan",155.000,"Beograd, Opština Palilula, Borča, Severina Bijelića",61 m2,2.5
"Lastavica, lux, garažno mesto",380.000,"Beograd, Opština Novi Beograd, Blok 58, Jurija Gagarina",83 m2,4.0
Atraktivan stan ID#14230,549.000,"Beograd, Opština Voždovac, Vojvode Stepe, Pazinska",160 m2,5.0
"Blok 21, Bul. Zorana Đinđića - 62.44m2 3.0",245.000,"Beograd, Opština Novi Beograd, Blok 21, ","62,44 m2",3.0
"Odličan 2.5, uknjižen",214.900,"Beograd, Opština Novi Beograd, Blok 61, Dr Ivana Ribara",75 m2,2.5
"Izuzetna investicija, 2.0, Airport Residence ID#12",108.000,"Beograd, Opština Novi Beograd, Ledine, ",60 m2,2.0
"Pretprodaja, novogradnja, lux ID#1282",192.000,"Beograd, Opština Zemun, Gornji grad, ","68,56 m2",3.5
"Uknjižen, useljiv, Petra Lekovića ID#1411",165.000,"Beograd, Opština Čukarica, Banovo brdo, Petra Lekovića",35 m2,1.0
"Retko u ponudi, uknjižen, 3.0, centralno grejanje",129.000,"Beograd, Opština Zvezdara, Mirijevo, ",67 m2,3.0
"Uknjižen, adaptilan u 3.5, može na kredit ID#1010",255.000,"Beograd, Opština Palilula, Bulevar despota Stefana, Bulevar despota Stefana",90 m2,3.0
"Uknjižen, odmah useljiv, može na kredit ID#1018",210.000,"Beograd, Opština Novi Beograd, Fontana, Studentska",56 m2,2.0
Kompletno opremljen lux stan u mirnom delu Vračara,380.000,"Beograd, Opština Vračar, Crveni krst, Šumatovačka",86 m2,4.0
"Slavija, Salonac 171m2 Umanjena Cena Dirketnim Poz",649.000,"Beograd, Opština Vračar, Slavija",171 m2,5.0
"Moderan duplex, odlična lokacija, Miljakovac 1",190.000,"Beograd, Opština Rakovica, Miljakovac, Dimitrija Koturovića",117 m2,3.0
"Dvoetažni stan, 118 m2, Đeram pijaca",349.000,"Beograd, Opština Zvezdara, Đeram pijaca, Pećska",118 m2,4.5
"Blok 45, 3.5 stan",199.900,"Beograd, Opština Novi Beograd, Blok 45 (TC Enjub), Jurija Gagarina",66 m2,3.5
"Lekino brdo, Tetovska 67.4 m2, Banat Gradnja",242.640,"Beograd, Opština Voždovac, Lekino brdo, Tetovska","67,40 m2",2.5
"Čukarička padina, Obalskih radnika 1.0 adaptibilan",98.900,"Beograd, Opština Čukarica, Čukarička padina, Obalskih radnika",30 m2,1.0
"Odličan, adaptibilan u jednoiposoban",134.900,"Beograd, Opština Čukarica, Banovo brdo",40 m2,1.0
BW Perla - ekskluzivan porodican stan na prodaju!,895.000,"Beograd, Opština Savski venac, Beograd na vodi, ","144,30 m2",4.0
Kompletno renoviran 3.0 stan u zelenilu!,219.000,"Beograd, Opština Voždovac, Braće Jerković, Meštrovićeva",69 m2,3.0
"Novogradska, kompletno renoviran ID#1250",129.000,"Beograd, Opština Zemun, Centar, ",44 m2,2.0
"Lux, novogradnja, stan sa terasom ID#1257",78.000,"Beograd, Opština Zemun, Gornji grad, ",26 m2,1.0
"Moguća kreditna kupovina, povrat pdv - a ID#1261",132.300,"Beograd, Opština Zemun, Gornji grad, ",41 m2,2.0
Jedinstven 1.0 stan sa velikom terasom ID#2868,155.000,"Beograd, Opština Novi Beograd, Blok 21, Bulevar Mihajla Pupina",29 m2,1.0
Sarajevska 1.0 stan ID#2869,125.000,"Beograd, Opština Savski venac, Klinički centar, Sarajevska",33 m2,1.0
"Prodaja 3.5 stana – Novi Beograd, Blok 19 ID#1018",329.000,"Beograd, Opština Novi Beograd, Blok 19a, Vladimira Popovića",93 m2,3.5
"Prestižan 3.0 salonac , 79m2, Maršala Birjuzova ID",320.000,"Beograd, Opština Stari grad, Centar, Maršala Birjuzova",79 m2,3.0
"Mirijevo, dvoiposoban, uknjižen",136.000,"Beograd, Opština Zvezdara, Mirijevo, Zagrađe",49 m2,2.5
Namešten dvoiposoban stan sa parkingom,157.000,"Beograd, Opština Zvezdara, Mirijevo",46 m2,2.5
"Mirijevo, uknjižen 2.0",142.000,"Beograd, Opština Zvezdara, Mirijevo, Ljube Tadića",45 m2,2.0
"Karaburma 1.5 renoviran, uknjižen",144.000,"Beograd, Opština Palilula, Karaburma, Salvadora Aljendea",41 m2,1.5
Panoramski pogled na reku i park - BW Eden,374.888,"Beograd, Opština Savski venac, Beograd na vodi",79 m2,3.0
Zemun -Slovenska ulica,134.000,"Beograd, Opština Zemun, Kolonija Zmaj, Slovenska",53 m2,2.0
"Profesorska kolonija, Ljubomira Stojanovića, uknji",195.000,"Beograd, Opština Palilula, Profesorska kolonija, Ljubomira Stojanovića",47 m2,2.0
Odličan stan kod Sc Olimp bez ulaganja,286.000,"Beograd, Opština Zvezdara, Olimp, Duvanjska",74 m2,3.5
Novogradnja – idealna prilika za keš kupce!,146.200,"Beograd, Opština Voždovac, Dušanovac","48,73 m2",1.5
Uknjižen! Odmah useljiv!,77.400,"Beograd, Opština Grocka, Leštane, Smederevski put",43 m2,1.0
Čuburski park - Daničareva 21kvm,84.000,"Beograd, Opština Vračar, Čubura, Daničareva",21 m2,0.5
Retenzija - Prve pruge 58kvm,225.000,"Beograd, Opština Zemun, Retenzija, Prve pruge",58 m2,2.0
"Voždovac, Medakovićeva 36 - Novogradnja",142.290,"Beograd, Opština Voždovac, Medaković 1, Medakovićeva","47,43 m2",1.5
"Vlasnik, NEuknjižen stan, 48m2, Učiteljsko Naselje",119.999,"Beograd, Opština Zvezdara, Učiteljsko naselje, Raljska","48,30 m2",2.0
Sunnyville-namešten i useljiv stan,158.000,"Beograd, Opština Palilula, Višnjička Banja, Mirka Milojkovića",48 m2,1.5
"Tašmajdan,3.0 salonac sa terasom ID#14760",280.000,"Beograd, Opština Palilula, Tašmajdan, Starine Novaka",60 m2,3.0
Beograd | Zvezdara | Pećska,370.000,"Beograd, Opština Zvezdara, Đeram pijaca, Pećska",84 m2,3.0
Prodaja stana Braće Jerković 71m2 ID#1601,169.955,"Beograd, Opština Voždovac, Braće Jerković, Jovana Bijelića",71 m2,3.0
Prodaja stana Stari grad Skupština 129m2 ID#1625,598.000,"Beograd, Opština Stari grad, Skupština, Kondina",129 m2,5.0
Prodaja novogradnja ID#1635,93.580,"Beograd, Opština Palilula, Ovča, Ovčanski put","46,79 m2",1.5
"Savršena struktura, svetao, mereno 138m2",639.900,"Beograd, Opština Stari grad, Knez Mihailova, Uzun Mirkova",124 m2,5+
Zemun Nova - porodičan stan u novogradnji ID#2608,260.000,"Beograd, Opština Zemun, Cara Dušana, ",94 m2,4.0
Novo kod Đerma sa terasom od 100m2,267.900,"Beograd, Opština Zvezdara, Đeram pijaca, Đevđelijska","66,63 m2",3.0
Novo kod Đerma,214.900,"Beograd, Opština Zvezdara, Đeram pijaca, Đevđelijska","52,47 m2",2.0
Nov brzo useljiv i zaista spektakularan,425.900,"Beograd, Opština Voždovac, Centar, Ustanička",142 m2,4.0
"Nov, brzo useljiv, 3 spavaće",252.990,"Beograd, Opština Voždovac, Centar, Ustanička","84,11 m2",4.0
Salonac | Krunski venac | Vračar,439.000,"Beograd, Opština Vračar, Krunski venac, Molerova",96 m2,4.0
"Lekino brdo, 3,5 svetao stan",206.000,"Beograd, Opština Voždovac, Lekino brdo, Tetovska","65,55 m2",3.5
Lep stan pored parka,170.000,"Beograd, Opština Čukarica, Banovo brdo, Žarka Vukovića Pucara",47 m2,2.5
"Vrhunski stan, idealna lokacija, vojni stan",405.000,"Beograd, Opština Novi Beograd, Bežanijska kosa 2, Peđe Milosavljevića",97 m2,4.5
"Dvosoban, uknjižen, renoviran, odlična lokacija",129.000,"Beograd, Opština Zemun, Ugrinovačka, Ugrinovačka",44 m2,2.0
"Četvorosoban, odličan, funkcionalan",238.000,"Beograd, Opština Čukarica, Cerak vinogradi, Cerski venac",83 m2,4.0
"Vračar, Kalenić pijaca – Mileševska",269.500,"Beograd, Opština Vračar, Kalenić pijaca, Mileševska",65 m2,2.0
BW Rima- savršeni dom na premium lokaciji!,275.000,"Beograd, Opština Savski venac, Beograd na vodi, Hercegovačka","55,81 m2",2.0
Trosoban stan 87 m² – investiciona prilika,175.000,"Beograd, Opština Savski venac, Prokop, Lazara Sočice",87 m2,3.0
Vojne zgrade - 1.0 - lep i funkcionalan stan,129.000,"Beograd, Opština Zvezdara, Mirijevo, Raše Plaovića",41 m2,1.0
Uknjižen stan sa parking mestom ID#1453,80.000,"Beograd, Opština Novi Beograd, Ledine, ",32 m2,1.5
"Retko u ponudi, renoviran, 2.5, 50m2",177.000,"Beograd, Opština Zvezdara, Konjarnik, Jelene Mioč",50 m2,2.5
"Četvorosoban stan, 86 m², Blok 30, Novi Beograd",323.000,"Beograd, Opština Novi Beograd, Blok 30 (B92), Španskih boraca",86 m2,4.0
Luksuzno renoviran stan,299.000,"Beograd, Opština Čukarica, Cerak vinogradi, Cersiki venac",83 m2,4.0
"Uknjižen i bez ulaganja, 3 sprat, odlična lokacija",137.900,"Beograd, Opština Zvezdara, Mirijevo, ",41 m2,2.0
"Odmah useljiv, investicija, može kredit za mlade!",89.900,"Beograd, Opština Voždovac, Medaković 2, Radovana Simića Cige",25 m2,0.5
N. Beograd - funkcionalan i svetao stan 71m2,234.000,"Beograd, Opština Novi Beograd, Stari Merkator, Otona Župančiča",71 m2,3.0
"Partizanov stadion, 3.0 nov stan 71 m2",265.000,"Beograd, Opština Savski venac, Stadion Partizana, Partizanov stadion",71 m2,3.0
"Strahinjica bana, deljiv u dva stana, dva ulaza!",350.000,"Beograd, Opština Stari grad, Centar, Strahinjića Bana",90 m2,3.0
Trosoban stan sa otvorenim i carobnim pogledom!,333.000,"Beograd, Opština Vračar, Čubura, Sazonova",82 m2,3.0
Zvezdara - Đeram pijaca - 5.0 ID#25609,349.000,"Beograd, Opština Zvezdara, Đeram pijaca, Pećska",118 m2,5.0
"Odmah useljiv, sa nameštajem, garažno mesto",295.000,"Beograd, Opština Zemun, Zelena avenija, Tošin bunar",71 m2,3.0
Harmonija – samo 20 minuta od centra Beograda,122.037,"Beograd, Opština Surčin, Dobanovci, Anđelka Čobanovića","64,23 m2",2.5
"Premium kvalitet – Surčin, u izgradnji, 39 m²",82.000,"Beograd, Opština Surčin, Surčin (mesto), Obilićev venac",39 m2,2.0
"Lux dvosoban, Dorćol, novogradnja + GaraŽa",245.000,"Beograd, Opština Stari grad, Dorćol, ",40 m2,2.0
"Karaburma- Husinskih rudara, 2.0",139.500,"Beograd, Opština Palilula, Karaburma, Husinskih rudara",56 m2,2.0
"Gradska bolnica, B.Krsmanovića-odlična investicija",162.000,"Beograd, Opština Zvezdara, Gradska bolnica, Branka Krsmanovića",73 m2,3.0
"Železnik, Osmog marta, uknjižen",125.000,"Beograd, Opština Čukarica, Železnik, 8. marta",53 m2,2.5
Ekskluzivan penthouse Jove Ilića ID#15712,907.500,"Beograd, Opština Voždovac, Voždovačka crkva, Jove Ilića",220 m2,5+
Uknjižena i nova garsonjera sa odličnim rasporedom,64.900,"Beograd, Opština Rakovica, Kneževac, ",24 m2,1.0
"Autokomanda, Kumodraška, Smart home, 96m2",278.000,"Beograd, Opština Voždovac, Autokomanda, Kumodraška",96 m2,3.0
"Vidikovac, Vidikovački venac, duplex",216.000,"Beograd, Opština Rakovica, Vidikovac, Vidikovački venac",108 m2,5.0
"Čukarica, Cerak, 112m2, 3 spavaće sobe",281.625,"Beograd, Opština Čukarica, Cerak","112,65 m2",4.0
Dorćol-uknjižen-bez ulaganja,299.000,"Beograd, Opština Stari grad, Centar, ",64 m2,2.0
Mirijevo novogradnja | Trosoban,158.875,"Beograd, Opština Zvezdara, Mirijevo, Aleksandra Bugarskog","63,55 m2",3.0
Odličan troiposoban stan kod Čuburskog parka ID#15,270.000,"Beograd, Opština Vračar, Čubura, Svetolika Rankovića",77 m2,3.5
"Renoviran 3.0, sa nameštajem ID#15982",190.000,"Beograd, Opština Voždovac, TC Stadion, Jovana Bijelića",54 m2,3.0
"Sređen stan sa pogledom na reku, u BW",550.000,"Beograd, Opština Savski venac, Beograd na vodi, Hercegovačka",111 m2,4.0
Najlepši renoviran trosoban stan na Novom Beogradu,278.900,"Beograd, Opština Novi Beograd, Blok 28, Bulevar Arsenija Čarnojevića",80 m2,3.0
Stan/Lokal Višnjica 26kv + dvoršite 30kv,89.000,"Beograd, Opština Palilula, Višnjica, Metalska",26 m2,1.0
"Nov, lux, garaža, adaptibilan u 2.5",259.800,"Beograd, Opština Novi Beograd, Blok 65, Đorđa Stanojevića",61 m2,2.0
Dvosoban | Vojvode Stepe | Miran kraj,459.000,"Beograd, Opština Voždovac, Vojvode Stepe, Vojvode Stepe",135 m2,2.0
"Trosoban, lux, savršen pogled na Hram Svetog Save",298.900,"Beograd, Opština Vračar, Južni bulevar, Sime Igumanova",75 m2,3.0
Četvorosoban | BW Perla | Pogled na reku,950.000,"Beograd, Opština Savski venac, Beograd na vodi, Hercegovačka","143,23 m2",4.0
Dvosoban| BW St. Regis | Pogled na reku,599.000,"Beograd, Opština Savski venac, Beograd na vodi, Nikolaja Kravcova","61,65 m2",2.0
Trosoban | Wellport | Moderna arhitektura,525.000,"Beograd, Opština Novi Beograd, Blok 65, Tadije Sondermajera",106 m2,3.0
Penthouse | K-District | Pogled na ušće,1.500.000,"Beograd, Opština Stari grad, K-District, Dunavska","226,84 m2",3.0
Četvorosoban | BW Vista | Pogled na reku,575.000,"Beograd, Opština Savski venac, Beograd na vodi, Hercegovačka","112,54 m2",4.0
Dvosoban stan u Bloku 70,195.000,"Beograd, Opština Novi Beograd, Blok 70 (kineski tržni centar), Jurija Gagarina",58 m2,2.0
Četvorosoban | St. Regis | Pogled na reku,1.800.000,"Beograd, Opština Savski venac, Beograd na vodi, Nikolaja Kravcova","163,50 m2",4.0
"Lux duplex, garaža, 115m2 (korisno 137m2)",380.000,"Beograd, Opština Voždovac, Bulevar oslobođenja, Bulevar Oslobođenja",115 m2,4.0
Penthouse | Novi Dorćol | Privatna bašta,1.610.000,"Beograd, Opština Stari grad, Dorćol, Venizelosova","244,74 m2",4.0
Penthouse | Dorćol | Zimska bašta,780.000,"Beograd, Opština Stari grad, Dorćol, Knez Miletina",184 m2,3.0
Četvorosoban | Green Hill Dedinje | Smart home,989.000,"Beograd, Opština Savski venac, Dedinje, Dr Vojislava Stojanovića",184 m2,4.0
Penthouse | BW King’s Park | Prostrana terasa,745.000,"Beograd, Opština Savski venac, Beograd na vodi, Luke Ćelovića Trebinjca","151,87 m2",4.0
Trosoban | BW St. Regis | Poged na reku,838.400,"Beograd, Opština Savski venac, Beograd na vodi, Nikolaja Kravcova","91,13 m2",3.0
Četvorosoban | BW Simfonija 2 | Pogled na reku,610.000,"Beograd, Opština Savski venac, Beograd na vodi, Hercegovačka","123,74 m2",4.0
Kompletno renoviran stan na odličnoj lokaciji,129.000,"Beograd, Opština Zemun, Donji grad, Ugrinovačka",44 m2,1.5
Trosoban | Skenderbegova | Garažno mesto,520.000,"Beograd, Opština Stari grad, Dorćol, Skender Begova",83 m2,3.0
"Novogradnja bez provizije, parking",90.867,"Beograd, Opština Palilula, Borča, Ovčanski put","43,27 m2",1.5
Četvorosoban | Vračar | Kalenić pijaca,710.000,"Beograd, Opština Vračar, Kalenić pijaca, Hadži Prodanova",177 m2,4.0
Dvosoban stan | BW Perla | Panoramski pogled,470.000,"Beograd, Opština Savski venac, Beograd na vodi, Hercegovačka","71,35 m2",2.0
"Novogradnja bez provizije, parking",101.850,"Beograd, Opština Palilula, Borča, Ovčanski put","48,50 m2",2.5
"Uknjižen, renoviran, bez ulaganja, 1.5 stan",132.500,"Beograd, Opština Rakovica, Kneževac, 17. oktobra",44 m2,1.5
"Opremljen, lux, garaža",207.500,"Beograd, Opština Zvezdara, Dimitrija Tucovića, Dimitrija Tucovića",50 m2,2.0
"Uknjižen, jedosoban, odmah useljiv",142.000,"Beograd, Opština Voždovac, Lekino brdo, Murska",33 m2,1.0
"Svetao, izuzetan, retko u ponudi",210.000,"Beograd, Opština Zvezdara, Mirijevo, Vladislava Bajčevića",84 m2,3.0
"Uknjižen, brzo useljiv",132.600,"Beograd, Opština Palilula, Karaburma, Bata Lakina",39 m2,1.5
"Svetao, lep raspored",142.000,"Beograd, Opština Zvezdara, Mirijevo, Ljube Tadića",45 m2,1.5
"Blok 28, 3.0, 80(T), renoviran, useljiv",278.900,"Beograd, Opština Novi Beograd, Blok 28, Bulevar Arsenija Čarnojevića",80 m2,3.0
"Vračar, 3.0, Lux renoviran, 75(2T), useljiv",298.900,"Beograd, Opština Vračar, Južni bulevar, Sime Igumanova",75 m2,3.0
"Top investicija, blizina BW-G.Principa! ID#2056",159.000,"Beograd, Opština Savski venac, Ekonomski fakultet, Gavrila Principa",32 m2,0.5
Penthouse na odličnoj lokaciji! ID#2112,399.000,"Beograd, Opština Voždovac, Lekino brdo, Veselina Masleše",119 m2,4.0
"Trosoban stan kod TC Ada Mall-a-nov,useljiv ID#237",219.000,"Beograd, Opština Čukarica, Banovo brdo, Karpoševa",54 m2,3.0
Fantastičan stan-novogradnja-4.0-Palilula ID#2762,329.533,"Beograd, Opština Palilula, Karaburma, Hoze Martia","119,83 m2",4.0
Fantastičan stan-novogradnja-1.5-Palilula ID#2770,150.400,"Beograd, Opština Palilula, Karaburma, Hoze Martia",47 m2,4.0
Novogradnja kod Cvetkove pijace,166.858,"Beograd, Opština Zvezdara, Cvetkova pijaca","43,91 m2",1.5
"Lux 2.5 stan u bloku 65, Tadije Sondermajera ID#38",329.000,"Beograd, Opština Novi Beograd, Blok 65, Tadije Sondermajera",69 m2,2.5
"Sunčani breg, u izgradnji",90.000,"Beograd, Opština Rakovica, Miljakovac, Kozačka",41 m2,1.5
"Jedinstvena ponuda, LUX, 33m2, dvosoban, Karaburma",123.000,"Beograd, Opština Palilula, Karaburma, Pabla Nerude",33 m2,2.0
"Renoviran 1.5 stan, odmah useljiv, prelepa terasa",189.000,"Beograd, Opština Novi Beograd, Blok 61, Dušana Vukasovića",49 m2,1.5
Trosoban stan sa panoramskim pogledom,164.900,"Beograd, Opština Zemun, Save Kovačevića, Ohridska",62 m2,3.0
"Kod Hrama, 117m2, III, cg",490.000,"Beograd, Opština Vračar, Hram svetog Save, Nebojšina",117 m2,4.0
"Nov, uknjižen, Vojvode vlahovića",140.000,"Beograd, Opština Voždovac, Vojvode Vlahovića, Dušana Dude Timotijevića",65 m2,3.0
Duplex | Senjak | Potpuno opremljen,749.000,"Beograd, Opština Savski venac, Senjak, Andre Nikolića",218 m2,3.0
"Trosoban, svetao, sa odličnom strukturom ID#1405",179.500,"Beograd, Opština Vračar, Južni bulevar, ",51 m2,3.0
Komforan stan-prelepa lokacija-Braće Srnić! ID#202,245.000,"Beograd, Opština Zvezdara, Medaković 3, Braće Srnić",103 m2,4.0
Fantastična investicija- Airport Garden ID#2396,157.900,"Beograd, Opština Novi Beograd, Blok 64, Đorđa Stanojevića",32 m2,1.0
"Trosoban stan, novija zgrada, Arena! ID#2683",399.000,"Beograd, Opština Novi Beograd, Arena, Bulevar Arsenija Čarnojevića","85,18 m2",3.0
Kompletno renoviran četvorosoban stan 104 m²–kod G,348.000,"Beograd, Opština Zvezdara, Gradska bolnica, Čingrijina",104 m2,4.0
Renoviran porodični stan 100 m² kod Bajlonijeve pi,465.000,"Beograd, Opština Stari grad, Gundulićev venac, Knez Miletina",100 m2,3.0
Dva parking mesta+terasa 130m2,305.000,"Beograd, Opština Savski venac, Stadion Partizana, Prilepska",124 m2,4.0
BW Kula | Ekskluzivan luksuzni stan sa pogledom,500.000,"Beograd, Opština Savski venac, Beograd na vodi, Karađorđeva","61,65 m2",2.0
"Arena, Blok 29, Bulevar Zorana Đinđića",520.590,"Beograd, Opština Novi Beograd, Arena, Bulevar Zorana Đinđića","123,95 m2",5.0
"Vračar, kod Čuburskog parka, Sazonova 82m2",333.000,"Beograd, Opština Vračar, Crveni krst, Sazonova",82 m2,3.0
Stan u zgradi Vojvođanka sa privatnim dvorištem,525.555,"Beograd, Opština Novi Beograd, Bežanijska kosa 1, Generala Mihaila Nedeljkovića",150 m2,4.5
"Lekino brdo - kod Maksima Gorkog, 27m2, II, cg",129.000,"Beograd, Opština Voždovac, Lekino brdo, Gospodara Vučića",27 m2,1.0
"Retenzija, namešten, uknjižen, lux",205.000,"Beograd, Opština Zemun, Retenzija, Prve pruge",42 m2,1.5
"Vračar-Kalenić 65(T) renoviran, funkcionalan",285.000,"Beograd, Opština Vračar, Kalenić pijaca, Mileševska",65 m2,2.5
Investicija kod Piramide i Savskog keja,101.000,"Beograd, Opština Novi Beograd, Blok 44 (TC Piramida), Gandijeva",32 m2,1.0
"Stan sa najlepšim rasporedom, BW, potpuno namešten",390.000,"Beograd, Opština Savski venac, Beograd na vodi, ",77 m2,3.0
"U najlepšem delu Vračara, stan sa dve spavaće sobe",249.900,"Beograd, Opština Vračar, Hram svetog Save, ",53 m2,2.5
BW Riviera-Sava Promenada-fantastična prilika! ID#,895.000,"Beograd, Opština Savski venac, Beograd na vodi, Bulevar Vudroa Vilsona","119,87 m2",3.0
Odličan 3.5 stan-Hram Svetog Save ID#2085,310.000,"Beograd, Opština Vračar, Hram svetog Save, Patrijarha Varnave",68 m2,3.5
Retka prilika–salonski stan sa dva ulaza ID#2489,399.000,"Beograd, Opština Savski venac, Centar, Svetozara Markovića",96 m2,3.5
Funkcionalan dvosoban stan sa velikom terasom ID#2,189.000,"Beograd, Opština Novi Beograd, Blok 61, Dušana Vukasovića",49 m2,1.5
"Zemun, manji dvoiposoban, odlična investicija",124.995,"Beograd, Opština Zemun, Prvomajska, Banjička",50 m2,2.5
"3.0 stan, novogradnja kod Olimpa, garažno mesto",261.000,"Beograd, Opština Zvezdara, Olimp, Ariljska",78 m2,3.0
Trosoban stan sa garažnim mestom - vlasnik,315.000,"Beograd, Opština Zvezdara, Bulbulder, Dimitrija Tucovića",75 m2,3.0
"Vidikovači venac, 2.5, I sprat, namešten",220.000,"Beograd, Opština Rakovica, Vidikovački venac, Vidikovački venac",72 m2,2.5
Nov dvosoban stan 41 m2,95.150,"Beograd, Opština Zvezdara, Medaković 3",41 m2,2.5
"Vračar, Centar - Resavska",254.900,"Beograd, Opština Vračar, Centar, Resavska",54 m2,2.5
Broker - Prodaja stana na Karaburmi,179.000,"Beograd, Opština Palilula, Karaburma, ",57 m2,2.0
"Kod Hrama, 70m2, IV, cg",350.000,"Beograd, Opština Vračar, Hram svetog Save, Brane Crnčevića",70 m2,3.0
Odličan 4.0 stan-Zahumska-V.spomenik+garaža! ID#19,398.000,"Beograd, Opština Zvezdara, Vukov Spomenik, Zahumska",125 m2,4.0
"Odličan 2.0 stan, TC Big Fashion-Karaburma ID#2023",159.900,"Beograd, Opština Palilula, Karaburma, Vojvode Micka Krstića",62 m2,2.0
BW Metropolitan - Studio na 9. spratu,169.900,"Beograd, Opština Savski venac, Beograd na vodi, Bulevar Vudroa Vilsona","29,18 m2",1.0
"Vračar, Crveni krst, 61m2, vp, cg",228.000,"Beograd, Opština Vračar, Crveni krst, Metohijska",61 m2,2.0
Funkcionalan Studio na Dorćolu,120.000,"Beograd, Opština Stari grad, Dorćol, Džordža Vašingtona",15 m2,0.5
Jednosoban 36m2 Bežanija-useljiv,135.000,"Beograd, Opština Novi Beograd, Bežanijska kosa 3, Vespučijeva",36 m2,1.0
"Izuzetna novogradnja, useljenje oktobar 2026. god",190.000,"Beograd, Opština Zemun, Zemunske kapije",59 m2,2.5
"Pravosnažna građ. dozvola, povrat pdv - a",170.500,"Beograd, Opština Zemun, Zemunske kapije",53 m2,2.5
"Hram, mladalački stan sa parking mestom",288.000,"Beograd, Opština Vračar, Hram svetog Save, Hadži Melentijeva",76 m2,2.5
Mirna zgrada okružena zelenilom,199.500,"Beograd, Opština Voždovac, Lekino brdo, Bačvanska",65 m2,2.0
Nov dvoiposoban stan 52 m2 Uciteljsko naselje,163.320,"Beograd, Opština Zvezdara, Učiteljsko naselje",52 m2,2.5
"Novogradnja, Bulevar residence, 30.58m2 + pdv",91.740,"Beograd, Opština Zvezdara, Bulevar kralja Aleksandra, ","30,58 m2",1.0
"Novogradnja, Mirijevo, 40.64 m2",98.755,"Beograd, Opština Zvezdara, Mirijevo, Teodora Mirijevskog","40,64 m2",1.5
Uknjižena novogradnja u Dobanovačkoj,211.968,"Beograd, Opština Zemun, Dobanovačka, Dobanovačka","66,24 m2",3.0
2.0 stan bez ulaganja Profesorska kolonija,195.000,"Beograd, Opština Palilula, Profesorska kolonija, Ljubomira Stojanovića",47 m2,2.0
"Uključeno parking mesto, uknjižen",205.000,"Beograd, Opština Zemun, Save Kovačevića, Tršćanska",59 m2,2.5
"Stan 2.0 sa velikim potencijalom, ul. Marijane Gre",139.000,"Beograd, Opština Palilula, Karaburma, Marijane Gregoran",49 m2,2.0
"Ledine, Bukovačka, 45m2, 2.0 ID#3387",129.900,"Beograd, Opština Surčin, Ledine, Bukovačka",45 m2,2.0
"Uknjižen, novogradnja, terasa 29m2",139.500,"Beograd, Opština Voždovac, Jajinci",53 m2,3.0
Studio | Viva Residences | Novogradnja,175.000,"Beograd, Opština Zvezdara, Đeram pijaca, Milana Rakića","37,18 m2",1.0
"Beogradska, 4.0 stan u novogradnji sa garažnim mes",655.000,"Beograd, Opština Vračar, Beogradska, ",115 m2,4.0
"Zemun, 3,5, useljiv, parking u ceni",220.000,"Beograd, Opština Zemun, Gornji grad, ",73 m2,3.5
3.0 stan u vrhunskoj zgradi - sada po Super Popust,271.270,"Beograd, Opština Novi Beograd, Blok 65, ",71 m2,3.0
Salonac centar Beograda 76m2,325.000,"Beograd, Opština Stari grad, Dorćol, Dositejeva",76 m2,3.0
Fukcionalan 2.0 stan adaptibilan u 3.0 na B. Kosi,239.000,"Beograd, Opština Novi Beograd, Bežanijska kosa 3, Viktora Novaka",85 m2,2.0
"Porodičan stan na najtraženijoj lokaciji, Dedinje",1.150.000,"Beograd, Opština Savski venac, Dedinje",213 m2,5.0
Lep dvosoban stan na Lionu,186.000,"Beograd, Opština Zvezdara, Lion, Čede Mijatovića",50 m2,2.0
"Izuzetna prilika, stan sa garažom u centru grada",420.000,"Beograd, Opština Vračar, Cvetni trg, Mišarska",65 m2,2.0
Stan na idealnoj lokaciji ID#25415,129.000,"Beograd, Opština Voždovac, Autokomanda, Gospodara Vučića",27 m2,1.0
"Moderan namešten 2.0 - Dorćol, Cara Dušana ID#1054",250.000,"Beograd, Opština Stari grad, Dorćol, Cara Dušana",45 m2,2.0
Top lokacija u Železniku!,134.999,"Beograd, Opština Čukarica, Železnik, Darinke Radović",59 m2,2.5
"Terminal 10,2.0 stan,bez provizije za kupce",228.447,"Beograd, Opština Novi Beograd, Blok 66, Đorđa Stanojevića","62,76 m2",2.0
"Prodaja 3.5 stana na Vračaru, Svetozara Markovića",335.000,"Beograd, Opština Vračar, Pravni fakultet, Svetozara Markovića",103 m2,3.5
"Prodajemo ušuškan dvosoban stan, Cvetni trg, 57m2",249.000,"Beograd, Opština Vračar, Cvetni trg, Svetozara Markovića",57 m2,2.0
Salonski 3.0 stan na Dorćolu dve stambene jedinice,325.000,"Beograd, Opština Stari grad, Dorćol, Cara Uroša",67 m2,3.0
"Vojvode Stepe, Trošarina, odličan 3.0 stan, 89m2",300.000,"Beograd, Opština Voždovac, Trošarina, Vojvode Stepe",89 m2,3.0
"Renoviran 3.0 stan u Sarajevskoj ulici, 68m2",228.000,"Beograd, Opština Savski venac, Sarajevska, Sarajevska",68 m2,3.0
"Nov porodičan 3.5 stan na Zvezdari, Duvanjska 74m2",286.000,"Beograd, Opština Zvezdara, Olimp, Duvanjska",74 m2,3.5
"Svetao trosoban stan sa terasom u Mirijevu, 77m2",210.000,"Beograd, Opština Zvezdara, Mirijevo, Matice srpske",77 m2,3.0
Uknjižen dupleks sa dva odvojena stana na Lionu,315.000,"Beograd, Opština Zvezdara, Lion, Kulina Bana",94 m2,4.0
"Dvosoban stan na Vračaru, 65m2, kod Kalenić pijace",237.000,"Beograd, Opština Vračar, Kalenić pijaca, Maksima Gorkog",65 m2,2.0
"Renoviran 3.0 stan u ulici Maršala Birjuzova, 72m2",350.000,"Beograd, Opština Stari grad, Obilićev venac, Maršala Birjuzova",72 m2,3.0
"Renoviran 4.5 stan kod FDU, blok 28, 121m2, garaža",417.450,"Beograd, Opština Novi Beograd, Blok 28, Bulevar Arsenija Čarnojevića",121 m2,4.5
"Troiposoban stan na Paliluli, Profesorska kolonija",249.000,"Beograd, Opština Palilula, Profesorska kolonija, Nikodima Milaša",74 m2,3.5
"Prodaje se nov četvorosoban stan, New Minel 112m2",429.000,"Beograd, Opština Novi Beograd, Tošin bunar, Tošin bunar",112 m2,4.0
"Prodaje se 5.0 prostran stan na Dedinju, 213m2",1.150.000,"Beograd, Opština Savski venac, Dedinje, Neznanog junaka",213 m2,5.0
Renoviran salonski trosoban stan u Kosovskoj ulici,417.000,"Beograd, Opština Stari grad, Centar, Kosovska",95 m2,3.0
"Namešten, dvosoban stan, 76m2, blizina Marakane",295.000,"Beograd, Opština Voždovac, Bulevar oslobođenja, Bulevar oslobođenja",76 m2,2.0
Adaptibilan 3.0 stan u ulici Strahinjića Bana 85m2,350.000,"Beograd, Opština Stari grad, Dorćol, Strahinjića Bana",85 m2,3.0
"Novi Beograd, Blok 61 - Dr Ivana Ribara",239.000,"Beograd, Opština Novi Beograd, Blok 61, Dr Ivana Ribara",75 m2,3.0
"Zemun, 1.0 apartman , novogradnja",120.000,"Beograd, Opština Zemun, Novi grad, Mačvanska",50 m2,1.0
"Čukarica, Banovo brdo - Petra Mećave",170.000,"Beograd, Opština Čukarica, Banovo brdo, Petra Mećave",51 m2,2.0
Lux novogradnja Jove Ilića,195.900,"Beograd, Opština Voždovac, FON - Bilećka, Jove Ilića",47 m2,2.0
Bulevar JNA Jajinci 26m2 (direktno od investitora),57.200,"Beograd, Opština Voždovac, Jajinci, Bulevar JNA",26 m2,1.0
Bw Victoria | odlicna investicija | pogled na grad,355.000,"Beograd, Opština Savski venac, Beograd na vodi, ","62,41 m2",2.0
Kapije Vračara-Luksuzan stan u premium kompleksu,324.000,"Beograd, Opština Vračar, Južni bulevar, Južni bulevar",72 m2,3.0
BW Quartet 3 | Dom spreman za useljenje | 3.0,375.000,"Beograd, Opština Savski venac, Beograd na vodi, Luke Ćelovića Trebinjca",72 m2,3.0
Novi Beograd Blok 33,275.000,"Beograd, Opština Novi Beograd, Blok 33, Bulevar Zorana Đinđića",71 m2,3.5
Bw Libera - studio na odličnoj poziciji,195.000,"Beograd, Opština Savski venac, Beograd na vodi, Bulevar Vudroa Vilsona","35,59 m2",1.0
Extra lux stan na Crvenom Krstu-bez provizije,490.200,"Beograd, Opština Vračar, Crveni krst",114 m2,5.0
Extra lux stan u izgradnji-bez provizije,306.783,"Beograd, Opština Vračar, Južni bulevar, Gospodara Vučića",84 m2,4.0
Extra lux stan u izgradnji-bez provizije,265.500,"Beograd, Opština Savski venac, Humska",59 m2,3.0
"Novogradnja Surčin, Lux lokacija, brzo useljivo",78.945,"Beograd, Opština Surčin, Surčin (mesto), Vojvođanska","41,55 m2",1.5
"Novogradnja Surčin, brzo useljivo, Lux Trosoban",173.831,"Beograd, Opština Surčin, Surčin (mesto), Vojvođanska","91,49 m2",3.0
"Cerak vinogradi, troiposoban, uknjižen, vlasnik",290.000,"Beograd, Opština Čukarica, Cerak vinogradi, Vinogradski venac",95 m2,3.5
"Konjarnik, 1.5, 49m2, lođa ID#2505",138.900,"Beograd, Opština Zvezdara, Konjarnik, Ustanička",49 m2,1.5
Komforan 2.5 Zemun ID#2356,164.900,"Beograd, Opština Zemun, Save Kovačevića, Ohridska",62 m2,2.5
Blok 45 2.0 stan na top lokaciji ID#2174,228.900,"Beograd, Opština Novi Beograd, Blok 45 (TC Enjub), Nehruova",71 m2,2.0
Lux 3.0 stan na B.Kosi sa garažnim mestom ID#2239,233.883,"Beograd, Opština Novi Beograd, Bežanijska kosa 2, Bežanijskih Ilegalaca","59,97 m2",3.0
"Učiteljsko naselje-Živka Davidovića, 96m2, I, eg",263.000,"Beograd, Opština Zvezdara, Učiteljsko naselje, Živka Davidovića",96 m2,3.0
"Slavija-Kneginje Zorke, 91m2, II, cg",450.000,"Beograd, Opština Vračar, Slavija, Kneginje Zorke",91 m2,3.5
"Višnjička Banja, 88m2, Energoprojektove zgrade",185.000,"Beograd, Opština Palilula, Višnjička Banja, Slobodana Jovanovića",88 m2,3.0
"Mirijevo-Dom zdravlja, 86m2, IV, cg",230.000,"Beograd, Opština Zvezdara, Mirijevo, Matice srpske",86 m2,3.0
"BW-Metropolitan, 82m2, lux, VII,",435.000,"Beograd, Opština Savski venac, Beograd na vodi, Bulevar Vudroa Vilsona",82 m2,3.0
"Novije, renovirano",69.500,"Beograd, Opština Voždovac, Lekino brdo, Todora Dukina",21 m2,0.5
"Skupština, 78m2, 3.0, 4/4, bez ulaganja",315.000,"Beograd, Opština Stari grad, Skupština, Milutina Bojića",78 m2,3.0
Dvosoban namešten stan u elitnom delu Beograda,226.000,"Beograd, Opština Savski venac, Lisičji potok, Slavka Ćuruvije",70 m2,2.0
Trosoban moderan stan na Zvezdari - 1.sprat,165.000,"Beograd, Opština Zvezdara, Veliki Mokri Lug, Jovana Belića","54,14 m2",3.0
"Lekino brdo, 70m2, vp, eg",199.500,"Beograd, Opština Voždovac, Lekino brdo, Bačvanska",70 m2,2.5
"Dorćol-Cara Dušana, 68m2, V, ta",289.000,"Beograd, Opština Stari grad, Dorćol, Cara Dušana",68 m2,3.0
"Surčin-Krušedolska, 65m2, I, eg, novogradnja",139.900,"Beograd, Opština Surčin, Surčin (mesto), Krušedolska",65 m2,3.0
B. kosa III MZ kod škole- pijaca,130.000,"Beograd, Opština Novi Beograd, Bežanijska kosa 3, Viktora Novaka",45 m2,2.0
Blok 21 Novi Beograd,278.500,"Beograd, Opština Novi Beograd, Blok 21, Bulevar Mihajla Pupina",76 m2,2.0
"Slavujev venac, 61m2, I, eg",228.000,"Beograd, Opština Zvezdara, Bulbulder, Koste Taušanovića",61 m2,2.0
"Dorćol-Braće Baruh, 57m2, V, cg,",256.000,"Beograd, Opština Stari grad, Dorćol, Braće Baruh",57 m2,2.0
"Olimp, 60m2, IV, gas",228.000,"Beograd, Opština Zvezdara, Olimp, Mirka Lukovića",60 m2,3.0
"Mirijevo-OŠ Pavle Savić, 53m2, 2.0, pr, eg",117.900,"Beograd, Opština Zvezdara, Mirijevo, Podmorničara Đorđa Mitrovića",53 m2,2.0
"Lion Viva Residences, 112m2, VI, cg",469.900,"Beograd, Opština Zvezdara, Lion, Milana Rakića",112 m2,3.0
"Vračar, 92m2, 2.5, IV, renoviran sa parkingom",500.000,"Beograd, Opština Vračar, Slavija, Krunska",92 m2,2.5
"BW- Iris, 32.06m2, XIV",179.900,"Beograd, Opština Savski venac, Centar, Hercegovačka",32 m2,1.0
"Kanarevo brdo, odličan uknjižen stan",129.500,"Beograd, Opština Rakovica, Kanarevo brdo, Vukasovićeva",47 m2,2.0
"Autokomanda-kancelarijski prostor,222m2, st",350.000,"Beograd, Opština Voždovac, Autokomanda, Borisavljevićeva",222 m2,5+
"Lipov lad-Dojranska, 57m2, III, ta",259.000,"Beograd, Opština Zvezdara, Lipov lad, Dojranska",57 m2,2.5
Prelep 2.5 stan u bloku 62 ID#2512,299.900,"Beograd, Opština Novi Beograd, Blok 62, Jurija Gagarina",80 m2,2.5
"Lipov lad, 54m2 ID#2476",189.000,"Beograd, Opština Zvezdara, Lipov lad, Kulina Bana",54 m2,2.5
"Lekino brdo,novogradnja,bez provizije za kupca ID#",191.030,"Beograd, Opština Voždovac, Lekino brdo, ","54,58 m2",1.5
"Funkcionalan 2.5 na sjajnoj lokaciji, blok 19A ID#",204.900,"Beograd, Opština Novi Beograd, Blok 19a, Milentija Popovića",59 m2,2.5
Komforan dvosoban u bloku 70 ID#2413,210.000,"Beograd, Opština Novi Beograd, Blok 70 (kineski tržni centar), Jurija Gagarina",64 m2,2.0
"Renoviran, 1.5, namešten stan ID#2367",181.500,"Beograd, Opština Novi Beograd, Fontana, Pariske komune",41 m2,1.5
"Salonac u Smiljanićevoj, 3.0, 76m2(L+T) ID#2343",295.000,"Beograd, Opština Vračar, Kalenić pijaca, Smiljanićeva",69 m2,3.0
"Odmah useljiv, uknjižen, adaptibilan u 3.0",250.000,"Beograd, Opština Novi Beograd, Blok 45 (TC Enjub), Jurija Gagarina",70 m2,2.0
"Svetao, funkcionalan",239.000,"Beograd, Opština Novi Beograd, Blok 70 (kineski tržni centar), Jurija Gagarina",68 m2,2.5
"Četvorosoban dupleks na Dorćolu sa 2 terase, 192m2",670.000,"Beograd, Opština Stari grad, Dorćol, Visokog Stevana",192 m2,4.0
Strukturno najlepši trosoban stan u Kaluđerici ID#,114.680,"Beograd, Opština Grocka, Kaluđerica, ",61 m2,3.0
Najbolja lokacija u Mirijevu - žuta fasadna cigla,122.000,"Beograd, Opština Zvezdara, Mirijevo, Grge Jankesa",50 m2,2.0
"B.Kosa I renoviran 2.0(2,5) kod Hrama ID#2067",233.000,"Beograd, Opština Novi Beograd, Bežanijska kosa 1, Nikole Dobrovića",61 m2,2.0
"Zemun naselje 13.maj, 3.0, 77m са terasom + podrum",127.000,"Beograd, Opština Zemun, Batajnicki drum, Poljoprivredno dobro 13. maj",77 m2,3.0
Dupleks Sunyville,205.000,"Beograd, Opština Palilula, Višnjička Banja, MirkaMilojkovića",75 m2,3.0
"Centar-kod Hotela Moskva, 137m2, II, cg,",493.200,"Beograd, Opština Savski venac, Beograđanka, Lomina",137 m2,4.5
Novogradnja na Zvezdari,274.000,"Beograd, Opština Zvezdara, Zeleno brdo, Živka Davidovića","81,79 m2",3.0
"Dorćol, lux, 3.0, sa pečatom istorije",399.900,"Beograd, Opština Stari grad, Dorćol, -",73 m2,3.0
"Botanička bašta, 87m2, XII, cg, namešten",275.000,"Beograd, Opština Palilula, Botanička bašta, Bulevar despota Stefana",87 m2,3.0
"Retko u ponudi, stan sa velikim potencijalom!",230.000,"Beograd, Opština Vračar, Cvetni trg, Desanke Maksimović",56 m2,2.0
"Trg Republike, 134 m2 sa privatnom terasom",370.000,"Beograd, Opština Stari grad, Trg Republike, Trg republike",134 m2,5.0
"Stan, Lekino Brdo",230.000,"Beograd, Opština Voždovac, Lekino brdo, Tetovska",60 m2,2.5
Lux stan u novoj zgradi na top lokaciji ID#137050,139.680,"Beograd, Opština Zemun, Gornji grad, Cara Dušana",36 m2,1.5
Novogradnja na Zvezdari,171.000,"Beograd, Opština Zvezdara, Zeleno brdo, Živka Davidovića","48,85 m2",1.5
"Kalenić pijaca, 82m2, II, eg",319.000,"Beograd, Opština Vračar, Kalenić pijaca, Topolska",82 m2,3.0
"ZEMONA Banatska Lux 1.5 Stan 41,50 m² + g.m.",170.000,"Beograd, Opština Zemun, Gornji grad, Banatska","41,50 m2",1.5
"Nova Karaburma, renoviran, 55m2",155.000,"Beograd, Opština Palilula, Karaburma, Pere Ćetkovića",55 m2,2.0
"Retko u ponudi, Vracar 25m2,renoviran, uknjizen",99.999,"Beograd, Opština Vračar, Kalenić pijaca, Molerova",25 m2,1.0
Ekskluzivni 3.0 salonac na Vračaru,399.000,"Beograd, Opština Vračar, Hram svetog Save, Mačvanska",84 m2,3.0
"U srcu Vračara, zgrada od fasadne cigle",209.000,"Beograd, Opština Vračar, Krunski venac, Koče Kapetana",53 m2,2.5
"Karaburma-stara okretnica, 54m2, vpr",139.900,"Beograd, Opština Palilula, Karaburma, Husinskih rudara",54 m2,2.0
Odličan stan kod Arene ID#15784,292.800,"Beograd, Opština Novi Beograd, Blok 22, Antifašističke borbe",64 m2,2.0
"Dedinje, Stjepana Filipovića, 77m2",187.000,"Beograd, Opština Savski venac, Dedinje, Stjepana Filipovića",77 m2,3.0
"ZepTerra, lux, novogradnja, opremljen, ID 25874",329.000,"Beograd, Opština Novi Beograd, Blok 65, Tadije Sondermajera",70 m2,2.5
"Vračar-Kumanovska, 76m2, II, cg",360.000,"Beograd, Opština Vračar, Centar, Kumanovska",76 m2,3.5
"Dvoiposoban, novogradnja, lux ID#1437",124.000,"Beograd, Opština Novi Beograd, Ledine, ","56,49 m2",2.5
"Novogradnja, odvojena soba, keš kupci ID#1438",100.000,"Beograd, Opština Novi Beograd, Ledine, ","38,54 m2",1.5
"Podno grejanje, građevinska dozvola, keš kupci ID#",85.000,"Beograd, Opština Novi Beograd, Ledine, ","42,12 m2",2.5
"Lux, novogradnja, Ledine ID#1443",57.000,"Beograd, Opština Novi Beograd, Ledine, ",30 m2,1.0
"Neimar, 69m2, III, novogradnja",315.000,"Beograd, Opština Vračar, Južni bulevar, Južni bulevar",69 m2,3.0
"Zemun Cara Dušana, uknjižen, novogradnja ID#1002",160.000,"Beograd, Opština Zemun, Cara Dušana, Cara Dušana",45 m2,2.0
"Blok 70, četvorospratnice, 87m2 ID#1007",335.000,"Beograd, Opština Novi Beograd, Blok 70 (kineski tržni centar), Gandijeva",87 m2,3.0
"Blok 63, renoviran 2.5 stan, 63m2 ID#1008",220.500,"Beograd, Opština Novi Beograd, Blok 63, Jurija Gagarina",63 m2,2.5
"Žarkovo, renoviran - uknjižen",179.000,"Beograd, Opština Čukarica, Žarkovo, Dušana Vlajića",72 m2,3.0
"Zvezdara-K.Taušanovića, 68m2, II, ta",239.000,"Beograd, Opština Zvezdara, Bulbulder, Koste Taušanovića",68 m2,3.0
"Dorćol-Kralja Petra, 66m2, III, cg",345.000,"Beograd, Opština Stari grad, Dorćol, Kralja Petra",66 m2,2.0
"Lion, 33m2, pr, ta",110.000,"Beograd, Opština Zvezdara, Lion, Bulevar kralja Aleksandra",33 m2,1.0
"Gundulićev venac, 62m2, pr, eg",215.000,"Beograd, Opština Stari grad, Dorćol, Đorđa Jovanovića",62 m2,3.0
Lux 3.0 stan na Vračaru - Južni bulevar,270.000,"Beograd, Opština Vračar, Južni bulevar, Generala Horvatovića","78,13 m2",3.0
"Odlican stan u Zemunu 47,50m2",180.000,"Beograd, Opština Zemun, Prvomajska, Banjička","47,50 m2",2.0
"Skadarlija, investicija ID#13075",180.000,"Beograd, Opština Stari grad, Skadarlija, Cetinjska",30 m2,1.0
"Penthaus, mereno 136m2, garaža ID#15296",380.000,"Beograd, Opština Voždovac, Autokomanda, Bulevar oslobođenja",115 m2,4.0
"Dorćol, dvosoban stan, mereno 42m2 ID#15440",179.000,"Beograd, Opština Stari grad, Dorćol, Komnen Barjaktara",38 m2,2.0
"Vračar, Kičevska, mereno 40m2, uknjižen ID#15599",205.000,"Beograd, Opština Vračar, Kalenić pijaca, Kičevska",38 m2,1.0
Lux duplex kod ID#15736,315.000,"Beograd, Opština Palilula, Zira, Albanske spomenice",101 m2,3.0
"Novogradnja, brzo useljivo ID#15740",269.500,"Beograd, Opština Voždovac, Voždovačka crkva, Vojvode Stepe",77 m2,3.5
"Kej oslobođenja, 58m2, 2.0 ID#15822",224.000,"Beograd, Opština Zemun, Karađorđev trg, Karađorđev Trg",58 m2,2.0
Top lokacija kod Arene – dve funkcionalne celine,365.000,"Beograd, Opština Novi Beograd, Blok 24 (Super Vero), Bulevar Arsenija Čarnojevića",95 m2,3.5
Jednosoban stan u Sarajevskoj,125.000,"Beograd, Opština Savski venac, Sarajevska, Sarajevska",33 m2,1.0
"Hotel Jugoslavija, 48m2",159.000,"Beograd, Opština Novi Beograd, Hotel Jugoslavija, Džona Kenedija",48 m2,2.0
"Novi Železnik,dvosoban stan ID#2261",133.000,"Beograd, Opština Čukarica, Novi Železnik, Darinke Radović",59 m2,2.0
Prelep uknjižen 4.0 dupleks ID#2365,216.000,"Beograd, Opština Rakovica, Vidikovac, Vidikovački venac",108 m2,4.0
"New Minel, luksuzan penthaus 176m2 ID#2447",692.000,"Beograd, Opština Novi Beograd, Tošin bunar, Tošin bunar",176 m2,4.0
"Beograđanka-Birčaninova, 54m2, IV, ta/cg",175.000,"Beograd, Opština Vračar, Slavija, Birčaninova",54 m2,3.0
"Meandri, dvoiposoban stan, odmah useljiv ID#2517",205.000,"Beograd, Opština Zemun, Meandri, Zagorska",77 m2,2.5
"Vračar,Krunska,odmah useljiv,garaža ID#2539",585.000,"Beograd, Opština Vračar, Cvetni trg, Svetozara Markovića",110 m2,3.5
"Blok 45, četvorospratnica, odmah useljiv ID#2545",290.000,"Beograd, Opština Novi Beograd, Blok 45 (TC Enjub), Dr Ivana Ribara",92 m2,3.0
"Penthouse -T.C Stadion, Vanđela Tome ID#3865",205.000,"Beograd, Opština Voždovac, TC Stadion, Vanđela Tome","88,75 m2",2.5
"Dorćol, Braće Baruh 2.0, 57m2, renoviran, namešten",256.000,"Beograd, Opština Stari grad, Dorćol, Braće Baruh",57 m2,2.0
"Palilula, Karaburma - Salvadora Aljendea",115.000,"Beograd, Opština Palilula, Karaburma, Salvadora Aljendea",43 m2,1.0
"Palilula, Stara Karaburma - Sloga",99.900,"Beograd, Opština Palilula, Karaburma, Sloga",30 m2,0.5
"Zelena oaza na Miljakovcu 2–Odličan stan, 54m2",147.900,"Beograd, Opština Rakovica, Miljakovac, Stevana Opačića",54 m2,2.0
Trosoban stan funkcionalnog rasporeda u Bloku 8a,223.000,"Beograd, Opština Novi Beograd, Blok 8a, Bulevar Mihajla Pupina",61 m2,3.0
"Odličan 2.0 uknjižen, na top lokaciji",217.000,"Beograd, Opština Novi Beograd, Bežanijska kosa 1, Marka Čelebonovića",64 m2,2.0
"Karaburma TC Big, garsonjera sa terasom",89.000,"Beograd, Opština Palilula, Karaburma, Homoljska",25 m2,0.5
"Lux, uknjižen, u Palmotićevoj",398.000,"Beograd, Opština Stari grad, Skupština, Palmotićeva",120 m2,4.5
"Stara Bežanija, 50m2, vpr, eg,",159.000,"Beograd, Opština Novi Beograd, Stara Bežanija, Pere Segedinca",50 m2,2.5
"Kod Kluza, 50m2, dvosoban, namešten, renoviran",115.000,"Beograd, Opština Zvezdara, Kluz, Dušana Radovića",50 m2,2.0
"Mirijevo-Zagrađe, 43m2, III, eg",130.000,"Beograd, Opština Zvezdara, Mirijevo, Zagrađe",43 m2,1.5
Novi Beograd-Blok 61 ID#1591,105.000,"Beograd, Opština Novi Beograd, Blok 61, Dr Ivana Ribara",48 m2,2.0
"Lekino brdo, 33m2, IV, cg",142.000,"Beograd, Opština Voždovac, Lekino brdo, Murska",33 m2,1.0
Mirijevo novogradnja | Dvoiposoban | Useljivo,138.325,"Beograd, Opština Zvezdara, Mirijevo, Aleksandra Bugarskog","55,33 m2",2.5
Mirijevo| Mirijevo 3 | Nov,122.000,"Beograd, Opština Zvezdara, Mirijevo, Podmorničara Đorđa Mitrovića","55,05 m2",2.0
Useljiv odmah + parking,205.000,"Beograd, Opština Zemun, Save Kovačevića, Tršćanska",59 m2,2.5
Osvetljen dvostrano orijentisan stan 92 m²,380.000,"Beograd, Opština Novi Beograd, Bežanijska kosa 1, Partizanske avijacije",92 m2,4.0
Lux stan sa pogledom,298.000,"Beograd, Opština Voždovac, Trošarina, Vojvode Stepe",90 m2,3.0
"Odličan, lako adaptibilan u dvosoban",119.900,"Beograd, Opština Voždovac, Braće Jerković, Braće Jerković",47 m2,1.0
Vračar - kod Kajmakčalanske - nov ID#5272,275.900,"Beograd, Opština Vračar, Crveni krst, Dojranska",61 m2,2.5
Plato Milene i Gage-Mileševska-divan 3.5 stan! ID#,430.000,"Beograd, Opština Vračar, Centar, Mileševska",100 m2,3.5
"Zahumska-Vukov spomenik, lux opremljena garsonjera",137.000,"Beograd, Opština Zvezdara, Vukov Spomenik, Zahumska",30 m2,1.0
"Pogled na Dunav, veća kvadratura,samo za keš kupci",146.000,"Beograd, Opština Palilula, Karaburma, Marijane Gregoran",60 m2,2.0
"Banovo brdo, 33m2+7m2 ID#2501",165.000,"Beograd, Opština Čukarica, Banovo brdo, Petra Lekovića",33 m2,1.5
"Lux, renoviran, 2.0, Cerak",228.000,"Beograd, Opština Čukarica, Cerak vinogradi, Lipa",59 m2,2.0
Gornji Dorćol Kapetan Mišina,670.000,"Beograd, Opština Stari grad, Dorćol, Kapetan Mišina",155 m2,4.0
"Ćalije, novogradnja, 3.0, 88(T)+Garaž. m., useljiv",160.000,"Beograd, Opština Palilula, Ćalije, Ćustendilska",88 m2,3.0
"Uknjižen 2.0 stan u Viševačkoj, Rakovica",65.000,"Beograd, Opština Rakovica, Centar, Viševačka",30 m2,2.0
Nov apartman kod Đeram pijace – 33m²+14m² Galerija,149.000,"Beograd, Opština Zvezdara, Đeram pijaca, Šabačka",47 m2,1.0
Garsonjera – Bogoslovija – 30m2 sa terasom,129.000,"Beograd, Opština Palilula, Bogoslovija, Generala Aračića",30 m2,0.5
"Novogradnja, može kredit ID#14531",111.520,"Beograd, Opština Grocka, Kaluđerica, Mokroluška",56 m2,1.5
"Lux novogradnja, cena sa pdv-om ID#15925",230.864,"Beograd, Opština Voždovac, Dušanovac, Ustanička","49,33 m2",2.0
Direktna Prodaja Stana,103.950,"Beograd, Opština Zemun, Altina, Ugrinovacki put 30 deo",55 m2,2.5
"Dvosoban, u Gredinoj zgradi Porečka ID#1370",175.000,"Beograd, Opština Palilula, Cvijićeva, Porečka",42 m2,2.0
"Nov, Jakovo, 1.5, 40m2, prizemlje ID#2117",79.900,"Beograd, Opština Surčin, Jakovo, ",40 m2,1.5
"Zemun 3.5, lux, uredna dokumentacija",247.500,"Beograd, Opština Zemun, Gornji grad, Gornji grad",82 m2,3.5
Penthouse | Kalvarija | 98 m² | Smart Home | Premi,295.210,"Beograd, Opština Zemun, Kalvarija, Zemun",98 m2,3.0
"Lux, Arena, bez ulaganja",399.000,"Beograd, Opština Novi Beograd, Blok 29, Bulevar Arsenija Čarnojevića",85 m2,3.0
"LUX 3.0, kredit, vrhunski kvalitet",201.000,"Beograd, Opština Zemun, Cara Dušana, -",67 m2,3.0
Expo Residence - provizija 1.5%,101.750,"Beograd, Opština Novi Beograd, Ledine, Belfortska",37 m2,1.5
Expo Residence - provizija 1.5%,158.500,"Beograd, Opština Novi Beograd, Ledine, Belfortska",63 m2,2.0
"Zemun, 59m trosoban, useljiv,",194.000,"Beograd, Opština Zemun, Zemunske kapije, Šumadijska 16",59 m2,3.0
"Dupleks 3.5 na Vidikovcu, sa privatnim dvorištem",264.000,"Beograd, Opština Rakovica, Vidikovac","85,26 m2",3.5
"Vračar 63(T) novogradnja sa velikom terasom,",267.000,"Beograd, Opština Vračar, Južni bulevar, Braće Radovanović",63 m2,3.0
"Legalizacija,uskoro useljiv,opis u tekstu oglasa",76.000,"Beograd, Opština Novi Beograd, Stara Bežanija, Vinogradska",44 m2,1.5
"Kej - Nestvaran pogled na Dunav, dva parking mesta",340.000,"Beograd, Opština Zemun, Kej, Kej oslobođenja",73 m2,3.0
Dupleks | Knez Mihailova | Prestižna lokacija,495.000,"Beograd, Opština Stari grad, Knez Mihailova, Kneza Mihaila",123 m2,4.0
Četvorosoban | BW Terraces | Pogled na reku | Lux,1.220.000,"Beograd, Opština Savski venac, Beograd na vodi, Ulica Hercegovacka 16","139,37 m2",4.0
Dupleks | Vračar | Potpuno opremljen | Lux,1.300.000,"Beograd, Opština Vračar, Kalenić pijaca, Hadži Prodanova",316 m2,5.0
Pravo korišćenja krovne terase ID#9925111,305.000,"Beograd, Opština Savski venac, Centar, Prilepska","88,37 m2",4.0
Troiposoban stan na odličnoj lokaciji na Banovom b,379.000,"Beograd, Opština Čukarica, Banovo brdo, ",101 m2,3.5
Komforan troiposoban stan u blizini Ada Mall-a,375.000,"Beograd, Opština Čukarica, Banovo brdo, ","101,34 m2",3.5
BW Rima – 3.0 sa garažom po početnoj ceni,330.500,"Beograd, Opština Savski venac, Beograd na vodi, Bulevar Vudroa Vilsona",76 m2,3.0
Novogradnja - dvosoban - velika terasa,103.800,"Beograd, Opština Zvezdara, Vojvode Vlahovića, Nikole Altomanovića","43,25 m2",2.0
